hash,isBugfix_mistral-small3.2:24b
a18ee58f7a4f56cab6ba4a8cacaa70c4c76379b3,false
64c349093b948b2dad7457bb0e831b742517cbee,false
05e250bb960f87d2eefc623a5aa519422a682f33,false
e409cffdb18458d3d9ba9d43a2ef55a16f6fd415,false
80794485c00545c27bcb2f150a076f68db17d8b6,false
8d87c4ab285341d2f401631c5c60d3178daf7d7b,false
dea7c9d2ceb3060c13c6357e80a8e6b78118ee53,false
10e4ee88a8b708f36ea7490fa28dd105b9cd3081,false
241139a5f1aae15dcdb0db4689cef7b72cd5c319,false
cb42c19d76604980e91068d4d3f124e568b43178,false
9e7ca8b6893acfdfc4940fab46cd1b7bbe31cf24,false
7db3200c132784609e76924911316d8c0972408c,false
1652c1dcf340bb91f9802289793232932ce94a51,false
01de6b4d1835b88ca5ed5fdb29adbbc9fa5465f2,false
430a98e9ad1c0163d0242d3358f7ba59e0dbc8f1,false
7a726c035c214f24b6da0ec6400f3e17b09b788b,false
3b4e3b0e42c53aef14ef6550b238e3ce658b2e11,false
89912be500187526b1f093377ee0f18212354a10,true
09ecd14764ab31534f0769855ac2d56aa394141c,true
463b927813c5250110c819d10c7b61561d402393,false
65cfcffa6f8de0e6d51f4eec139082a0fe7e5e7c,false
0deacd8fc6e889e62774776640ca64b8f201ec00,false
f7ce2062122cd0b4d06843ba4488d1ab65c79fe1,false
9b3dc57447cf449cb4dd6491771feabba6d7c077,false
b1aaf5abe53282e0f43b77bb97f034191e878c34,false
36cc010a87c1cbc96f504540f1418c3c5fde96e5,false
09fe7e59416eddfd566edee4d29a308474b42db2,false
12ddaccaf7acab3bbe47f48236122aeb5a823337,false
1aa439311b520ca54a8b917891cbac3cce23c28d,false
95fbb810e252b65851e0dc7189ab1820b6584b72,false
271dd7dceeab5719f1c6e8ee178242064b80606a,false
d6f01bfe9a0cdce533cf7a0532aab663f224e243,false
a6a83b1fcdfafb044115bc878420be275bf991ba,false
1b36c684d68f093b1778f988a2a5974c642021fd,false
d982c71efe4fa099a3fb0f744943e001cd8607c9,false
7389dbb56fcb71813f25e977bb81f33a7a1c8858,false
0e4ea95d743e40a508210067bac741a21b0815ce,false
2a6a3b76b7104ebe9c17cf57266d862e022b6e5d,false
74dca951016b7e1c715a0ba71f80daed64040d6d,false
3091da64bcb180b8117bec61fc3e9f6642dd2878,false
9928073e48ba569ebeb40483189d4ebc0182fba6,true
ab3852d2e4f78b6023883aa5e297e0ac55329542,true
525985b1f278b34fdcca95077a94f07f3630f010,false
7348820cafa55821784491839a3faa0126d1aac3,false
4ccc703fcf46646955db8d7803781f4f2c545293,false
b54c7909bd3f9deca6b0ccee6ca8c715d5d025ea,true
bad6712338a9fd98c1975a46d26a8b94d28b02fb,true
625aeab39834aa255ed40978919566f259ea858a,false
ce82979e2b57d5d87e553c4b4593c4b46f430561,false
16273a19816f55383ce0ba299257676b15d95e15,true
e18579164f55b6a353f5e9120732829354341a91,false
bce65f7db140c4ee6de01680743bca31a9d6a081,false
5c03c2d77ecdd0f2eda9e2bfe4f0917be350a28a,false
b0f4efb0bcd19950cbc65971be5cf32307fb4329,false
f153a7259208af75c1476f9286550d9ec6a02517,true
4de0f98fa406a0df3990dbdf901c52d6047c1feb,false
9d37461ac7abb19cbeb2e85ee0d47f964c7030ad,false
f907684ef2f18b3c5f2f9590a00c00439ba15cbc,false
2326c521997e014cef9d88a88f427bfac1a14791,false
79d56b778d9d841cd2999f4fe118ccec500c5ac1,false
dd38965c466f4ef569a14b50582ff9303d5b1914,true
e006e36dd06ef223f44e4edb32c3cf3a1629ce1b,true
468185efb3e54c2cbdc0f3b1a1c9ad941fa3e4c8,false
961e06379bf2ad7ea92cdf390dbca18af2696f07,false
86e2945069e2b5b1aa71a3aefd1ac36c9d34deb7,false
bc1b742a36bddf4e6806ec1a35a3cc668a35d720,false
d9ec1bf40b1d50957d4e1284f5703603badba2ef,false
47634ca237fa57518d088cbcf2c4029260655228,false
c3aa9d9662af63b9b42a872c0790eaca1dfb516a,false
96f5ed985a865d8b5cc3ed82ed3bb3d2ad6e5019,false
50005bc79486364d58cd117865bbaf2128b47daf,true
7763931035524ee01d45ee9d69716d4b859beb3d,false
657c270d9703c02b337e35bdd4afed23dfc33f6a,false
913c474d32db136308d87e7504b9f0fea5ca2353,true
5ca82ea095d3446c5beab28bb3b68176412812d4,false
207ddf9fdc5a19060a23ea4e000db4fc3c38847e,false
eeb873f4e45f028d2d712b6c6753d646626f3ddc,true
60bdaa3bf636d361eee591e3c147e5d9547f5bed,false
845976be0f6e676b7be453ccc288862f8eb5840f,false
862b461a07d64e3a645b1b1bba274a9159fab35f,false
0c13ea1bd40e64990f7e45070431e5773cdab181,false
fe4365c94b0cc375157d0fecba22f22749a1a177,false
54bc1ed7913a64ae657fb230f0bdf09b485abed7,true
7a659ebd21d9d0416ad5e44c442ad058bf830cde,false
fa9ea2db5c5cf4162d0bec9dec5a15ede3318301,true
50337cbf9d261d13aa72d9756006b3cb68afacba,true
8f1ab1bc17e36eb0d5def49ce856397e86d8f5cc,false
ed544102bcc16ce9de239bad36bdfd878dfee1df,false
6caaae4fd6bb29260b68fdabb2922a99dc2d068f,true
19eb371d23fd750e3140a300f7c2b9805298190b,true
c8d2f28ed827749a7f08a79510472910a6919c95,false
bee305e53f236884adf3daebb26b9df76c2d0484,false
b2b39abacd4572768c8b896d76b7d500a1a8c367,true
497fc3ecd0b1f714a211d881a32f33284e94aa3b,false
01a1c6de0f5dcbdcce97de762b577552496402f4,false
7256b04317b0aff7d08650a5b106063ef00869d0,true
38dd99e8272045c015af9283d4357d17ebfda474,false
54857d5fd446ad0369d363d6ebd5174d1e97838d,true
e52cd2dd4114b6022d98abb9f58a7f60a8b626b4,false
1b6919bb23d91c66925dd56dfbfb941065dc606f,false
6405180cb8d84bb650f9bbcbfe5839dbd09b0481,true
d2c9c5a0f0f238bb0a80adc4ed21305cf2624537,false
36e4d9409369e4882e85e5f30b6ad0129c1fd36a,false
62e229e1846d3963ae7d707a0d791313511dce7a,true
a8f7bf1b6e85e8c88ec909fa320bca0f475159a6,false
048af6409339b91f8ead92e4aa4127ab3256f400,false
9e19217f8f9bbc26d362036d257c6da8fd305714,true
d0015cbe820cea4bebaaf4422f3d7766fb6267ec,false
ce7ad530cd48efd9cd43d208b2911178f0ea55e0,false
6ca055bb25abfd1232279e696e8c573ec67ed927,true
46c9c4b80e225ae5bd261759a461c06eafdf4f49,true
ca71265f23276fa6dfc11bee942876652a1f4649,true
c6d6a6363730a1bb49aef4c94ebabc9e4f01606b,false
493900d60bbaf1300732fa535ad8834263416eb0,false
5b8eca46a1b6143c2f2abfa79a31ce0421ea8137,false
0e942f90a687c31ff96aade9d854d9eb58fc777b,false
f989157f100d340b4db40223ac55e303eba83ae3,false
480b8a4f7eff8eed01659207f8fd2d5507838b5f,true
51181c2d49a40078db866d5871c1ef2836cb03f8,false
d6eea83bfc60e2c2966779dc89318907ecbd78d6,false
17382fb190bbdf88352bd905ce34fb895f1d68fe,true
5c024485214ef81112abf29c89c46f14b4459f72,false
0882ed6470e74a2791ed0a085b28b03149ad166f,false
5558f371b4864c177f31460388082edcc1e7aeed,false
e7f9647beb6e1b54c7de93c03e1ab2d9885b371a,false
3aaa0ab2675be623cfc596dbb263319ec938f52a,false
421dfcca39bb68fb76778441ddb1362e2abe63cc,true
d69485b70bf127c0970e4fd6751e77020155a584,false
a67f798f2f9077d502feb2bd697b82a9ffe46d58,false
b2ecae63a83c7567c88fb33b1304869c2b025699,false
481339e2f5a657e46836a206b788b3d010182bc1,true
c8af97485265e5f305c67ddfda650a22232a146a,false
906ff24e7696829f129829e1eeb235d98889dcf8,false
395c36ee838610bf8c8be0f66be0630edc92e68e,true
9686127f81d322356f54f71ad169ff5c6a6fb5df,true
9e70ebc2a646a1af242e0ebe2777a63be5168716,false
2a056aeb2e05420fb87a290542d95413df86f80a,false
dc086a1e0b29847e60f508a0c6e1b6af43a3c681,false
533fa60516be8213c31833677e72db29cca2cf34,false
026d0b495efbf2792fae2449d47aba620351fecb,false
fb7f7d249e99b69df369a400d20363b4177a8a97,false
a87cbdd70c872288a7489005ba83510410834fa0,false
fc15bd23553f66e22c160603cf23cd568bfe2fd2,false
6e7f777d04ec6c727079329d73b32eeb8d107a5b,false
b7f3fdf5288500c940933ab3d93561d80254c9cb,false
7db1f6c5a15609a338295e343b9f156b5eee2a94,false
746dc750dfab9813cc5c00a62ce6b2e39a16ab82,false
46da1fc833cb74fa688775c25ffb28f453b228b2,false
afaa91b2caa0ccc2766e460d69841d5f07fd36d4,false
ff2f77c427e2ece31707d8a8e0e65e38608ddce5,false
cc7b6cba132f748b095060e818874a608bdcdf12,false
bdd5c80fcac164213a035e80e9599b91fca12f57,true
5be3099a5b9067c85b400be68eb3ca0bb909fdc4,false
887d7810f63d0b6c2a1dd3bf5f9ac47e2445cb24,false
f86c7a85d3bd9bef706c67f4df72f1de6471c79a,false
cf19d43bb72855f4c931d5c5211c6521db6c264e,false
08d6d1706de4bd597d20302519377dbf614e235b,false
042fbfaea3eddfda01187804c54ed7518d6aa4c7,false
8714800c6b3de79eb6dfd1c20253c0a5a1afca92,false
d1c0b6abdcd02618982c0edd234aab025d945860,false
0861be363b831a87aae80f766b5f27429c1b8f66,false
a2ebcdcf49b6eff5ba9f3cde6689f156e856c64c,false
f047160fd6b4db1b55b196c16260d4943223fd63,false
2104252244206ca6788e1f07fda0c19a61c9839f,false
20d57908a7ddd9ed791217304017e8a522451d36,false
599aaff723ee71d1696e2903741566cbee3a941c,false
491240ee3fd217b1d5c401e57ed4ef9f377f94b6,false
9be6470d191a480a8d8daebf3bbec549f92b1bb1,false
a020d7c484093ae893b600fe34bebe9451699d23,false
d17bbab8ee8cae4b1fed2632baab08be5b3fffc6,false
1cc7829847fd9206c50c0e95bc49ee506a4e20c4,false
33d1477d4a7b48f213b2e2948ca01dc007dc37b1,false
9519727f38abf876e331fc6ca53a610cf870d5d9,false
5566b1307381e731c04f36809c05054e51f78033,false
95a0878e10010f0b4c81cfd046e0c8fe08796a6b,false
a049ea50d7447a3fc1bcb6bafa785b60085a8221,false
964c0b7b4f95e0c5ec05f8844bd50f489f349efd,false
d72fd579eea1c7d0bdcab0625d214b0a58d6d1c5,false
2db6923bc4d946586c061f00d30a0b1678d56fd5,false
f156ce259ebd474ec3d7ce5bee4a56037c8d80ad,false
f57232b40e99f8b3c991cbaec0040e44c6d275e6,false
b16f11cd87bc5a49052beecd6c2c2edc4d473c05,false
bc158252d698ab6ac4f481d5f032b107c3eaeeac,false
2bf9e7b2055ea4341a50530abb7fb8ed7cacee61,true
ef892fca0b2074b0b3d2157a828bc3944510e3b8,false
962a43743c181115b72fce907159db095c67fabb,false
f9842f22fb2b691afeb24bff9efd19c7bcd49204,false
7e2cbd969a7242faa9877d7bb7a83c0603d44ec1,false
9d7ed21f27d7fd0ce153d2b63fd32fcf503e7a7e,true
0550dbff9d0b04010c253bc0017e2f6541feb1bd,true
d0abd1709145b799a11251f136e80b0f2162dbcf,true
fb7dc21c183f638c554bba8675b279da6f98f0e3,false
6b62e65154842404b2849fe91da99ed76a4011e6,false
8caeab470eb7ed71cd3ff56a5c129d2c2d5b3d0b,false
95a50096cbb6d4f2d89b6eebc0f87bdc8db54481,false
eaeb0930f46951099157c0c8715312cdc37efdfc,false
a73228b1097b9a1cfd162992b5fada3e482a0408,true
b95d84fe137b63d0d3824bebfaff4315810ea31b,false
dfb22e605076b57c076b495bb8ecc1dca308795a,false
dfdc9b37e1e725985ef37b45b7740dda83501e1e,true
c0a5e5f57a4847ba6b1733e3836cc9db194aa01b,false
f9c642c672f6d4bb010a640fa5c55560f29342d2,false
c9b49cef58c1bcd57bc92a6c08c55ac997fd3d5a,false
c350318c775ddb8dad197a97a6cffbb587e64b8c,true
30b05e9ab27412a6a7505b8775d7ee30a6114874,false
d2b27978e2432fa1a4731c4e25acfa55d38b5686,false
5532421ab2d87eaf7917b9295d56e2059c838ce9,false
8d00f22d4c21233331881222e062c75d9bb51283,true
4609dd71c680d7915c6e564c7bf95dd16c584c39,false
7bb64d724cb16bf68f477f4e136e1b9898806909,false
990a957383bd8df1f6570d2d7629a1c6dd8b33ce,false
1dc92b2a12d9d679740bd6483fc603649c3c23bf,false
64c23f498f6f37a39f4f38a9a98c6f8b8a736db1,false
afb339e9d8b9d93495fd48ce0049c6c5dc7ba23c,false
c1a9b7726f2fb897f0e277f9512e85f4e9a55c0b,false
166710f14a6bfe22472caa79503a4f208f42101a,false
a2cb3fafee925cb08aa327378b3e24eef04b5b26,true
e169af0447290f9a588bd50cf42fe3dd8eaf2520,false
7e1f8a551f11ddc0dfad1639e91c76a7f603dbaf,false
426ddbacbd7c07956bf5af1c175bb8116d0e9e01,false
8e90545c4bca18c76fa710d31dbf657d5c23d6ae,false
805601308243cb65f94650f0389acd7afcccd875,false
26dcd5af882770ee9380803dad82ae7577dc9a6d,false
d658e16801457aa40482c9bc791634fe9a603702,false
4de82d9fe0d7809624061d75cae770212b3c918a,false
8314a2756c069b4c55d3c0d3d058f609940e946d,false
3480bf7346bf6d87f1a5ad8d34c6d8bd1bbd55be,false
be7cfa603a6720c4babbe2b7379112de8022d1da,false
283792af5e866337863642ee8bb997f25eafbaa1,true
0457ddbc69c7221ffd6d7aca5c702331c5e8bdf2,false
794c7ee333d13c40d07029269eefc24c7549d99e,false
44197b90e2c38f6a1f84c434cd7b8005348fd1f3,false
8d3d5e147fc6786cbfaabcdd60713f16403042de,false
019aa448376d5b330b8d64d31d87594a1a2f4f38,false
6aa04924349e9a1de3f19eaa34cc1b4cd08038bd,false
60f7aada9ec118cf697f4c44ab183c2cfc10cedf,false
8ad7a6669c0c4301266c44da5dfde65f0ba16546,false
755513bb33e83adef05c4b8ef3d5dddacff050fa,false
a0fa51eb926b478374599320c59c2dde5802cf15,false
d939d3d927e03af11d72c55f8586a5153a7a2189,false
883be37b98aa9cfc48d1d59d16cc6a085cfc291b,false
07a4607c04c60de2f085f8a2bc2fb0e3c103a784,false
dde854eba71b66122ebfb506bac3bf4d169c2dcc,false
e1ea68913f52103e80f236f0497bda5e0bf56df6,false
0c8cd90f4e0bcd1d6bc8d70b5cfd3f1e0a47b752,false
5ecf5d12d1e06acd061b5695fae819724f56f89b,false
ee7631dfac3b3920949e27d0c0e30305c0fa50d7,false
70245eb78c17f0932d1497234825cf1cab978984,false
cdf0e72145eeddcd6999a9ee6deea0795aebc4ec,false
e272e3b3b278820cb7d7e91719d1fb6cf6ae2241,false
fcf07f6a19e5e08a2fb4461ef13283dcc3537f6e,false
0c6180bbb13d814276177a1892f564ddd57983cb,false
6702846c7c074387835718c32f8af9b949a0fc78,false
26457e84439858b3d60ded503da60c4bcf97b042,false
f10ecd4db50f20c8bbb18c13a36e30a98d7e5a7c,false
6cf36fffd7d5407f286fb53b35dcec13bcc9cd73,false
b8cdd59c68d926a9b038ec966c7b4d5e2de415b0,false
6334470f81bdf003b8567af9e3531cec4dce560d,true
357b17e972e706bc166cfbb98b065c8c5c208b2d,false
9fe0e494734cf30484c2af14df012c128515f030,false
9c195407599dcd5f6b088c6e96a66c4c654c0271,false
70d58393340e969b2a743f9e159832da7f60c98e,false
fcbc036f92fa5f3780f7d9869b12a584ac3ae054,false
d12256f5e5d5aeced5d9ba8a187b08d2f47feb6b,false
0501ce924b9e5964966e118dc7a93db921891b05,false
289d58a2f02843cbde8c5f19bd35d47aac978589,false
b6ea29d260b87cbe8203a9a334b9f378612ed52b,false
34afb9de4397f3d7e34e2029bbcea0713795dc25,false
4c93cb42f175b41671a68d1236fc2495fd748d7d,false
df92896eef85500fd2ddf60afe3f2595cf54c272,false
4f40d5a26aff36fb8ae3f8168889e79bb797e4ee,false
e3a1f8224f76ba9bfc4a3116f8884c6fb65152d7,false
212be59fcae87a3d13867ba891c08c8fa346f24d,false
f11644fa51fe4d94afd3f51c921883260eb86b0b,false
23333c074a2be2786ca2e659edbbdf438221a45f,true
743b067cae9e87ffaeb26728aa65909d3236be14,false
e0e8257f1c633b34c4c545f5e817d0e4b0228c41,false
af21b6dc3eecc71ad84234cf7943f653b415e8cb,false
e94f06d0f7ff4173518acf2fc00aa57cf5fc382f,false
74040dd37f1571f290c868c17e02c1d8c01589af,false
7d9d6fb797a190f0bcdb0f3afe5410d4d257ca3f,true
b917acbbfa0e9d81459d13d19c849ea7e21675be,true
7c0ae4cb54cb98441d797348538e19eb315cfb21,false
87dfded5e6898fedc1fd5abd5b352fa4f334b904,false
bc96f71a2d6b41ff59b19bfbf3839c9da5a49e2d,false
11afe895e148ad7d6840b9f59797cc256d04dbc9,false
d48b438c40a00f2f7f57bae2a6f70fa1cab54011,false
b7939134819a5ddc53e50b7b36e96fa6c4a89882,false
d0eeaa9fc30cde3805719f4f98f26412168a82f9,true
8b6e8d7fdd2f1ebcf63ffd1d6e64107d58f07c84,false
cb2f892dc5f242695aee6fe92da0c7563dc6e97d,false
528a05ef6132b873ab2c44e7507cca58b052d888,false
6e5c04e04f30e29216cb622bb6c2a73a37dc86ee,false
57add98e3c9f2f769ed9dbfc10d96414e5a6177e,false
a3256ed551bd9be772071410010a1706824a749b,false
420683fe6543708060bad47e16152761d7d5a079,false
8a7f93d72260bba95288ea18213b2056160c4635,false
29e62e608f264534db8b8da741ef023d3e97fa6a,false
fc92a27cb26ebfcf6cf79d6cf2c64e99acf84e9c,false
cb60803a807ae035cbab54b94ef430adccaaea5b,false
ed1874db050cc5aabc2a693daf0c2cbab21eb713,false
11ed7e45d8df561c246fb12c356e0bb11aeda812,true
f6f080955864abf9a7d30d5e3b0ac462dd87376c,false
cab6df5c0e194ca97d93f285d19163e26112ff34,false
dd6cb5221d6b29eea8b82354ddeb6b22c441e0b3,true
f74a091be69a9b488f73469d6eef5d8276f82be0,false
f60316835fa7ac2de9deec57007d249162a83ba0,false
835dfc0276e2668cdad13a36aa349deec0ad7054,false
12ac0fa73c6ed4dc0434fbcc4aa1363abd1abbad,false
41d0d6001704f744d9d28e0b9ec09a342841549f,true
009de5a3ee2b06756d8ef49794e8cc867de10c2e,false
548b0916b65e04a0d3ad1c4f837dd79c9e6cada9,false
ac0a349ed9401584fe420f8e65a812baa50409e0,false
0142e1ed0eb180d4e2b361fb2e953e49cc21e713,false
8c220eaaeaafa96c416c3ca0b2300914f8c71218,true
af8b269b516f96ba814ac2995df294cdd3b245b3,false
5cd705d6d11afb4d630e055e82b3e0895d6255c4,false
7d3a988d2fc93e681ed662cc18faa9a8a8171962,false
63adb2b132f72a6c04b81c2f8e479821f9648c97,false
19f838e3d13c0325786dada41873e0e354dfcc59,true
eefd504f089f33e7e51a040e7012060036533938,true
1a9c38374c0df9b98349bb343464427b3762f3c1,false
5b14124258665a650302a1b9368d5a7f21ff8439,false
4aefa5049b8e27de513352ad85d982ce0e924935,false
0ac55cd77a42cf30154e0adc9577927d85959db2,false
e375f99b0c92ca11d2f7bde5743ba2cda9e71fe3,false
779b1ca1f8efeadd3ce59e195b85021370ac6b57,false
adc43c40c591ffb498ea26a6c9319a8784c76c96,false
1be51392537e776644af72dda5fc200fa0ee721f,false
c26315185f0e26db2521dfac64029f797346a229,false
0714e435cbb422b75dd8b0eb20f3e7e745ce613a,true
cf06e704296f16b00bacdeb2f13e15882f8dad21,false
3f0837688194ade55512b98329a343efeddb82de,false
61f766b59fb830ff4b3b3532c4a90de40f9ea939,false
9d3f7734a18cefaba6a2199204cbad767d502828,false
1a09b6d2a64a813aaf56a209e86100231f36c1e9,false
2e9383720c44a0c216875f813005095a8743546b,true
058441dda6f703c15bad9d5ed327a9ec24e78229,true
888802a51977ece2f6bbf8c47f55ff1507c4b2b6,false
58f9f1be71a8da42afcefdc7e687014a35c97698,false
52a627efc8b44e73b17129cfa6eb111f05fd76d1,true
c06770c353e89a2f61ae89e62aa21f04e091fccd,true
45bac89298543a9c9ca2e0740777da33dd810699,false
c29909726cb2c21914b9f1c13a1097d00c910122,false
d4be782c03eea8b116bdc97c71c61c4d88b21edf,false
c972377bd120c685abe508fc38f02795ecbcb01f,false
dc3994d2cf1ddc278b510723f0b264fe4a5bb07a,false
ed3a3269d86b4708af81836aac7c624ee31f3f53,false
7913e765d5239bac6bb8e2fe49d6811aa1a54eb2,false
5b3909cb73b23542734b3315c9c02da7c6a15512,false
35a9101f84cf5ab161162e44828e7d50927e8f4b,false
f9a565d1e03595a6bc9e5dc9fb74f941bb741687,true
ad293562bc065f414a1c6b73a74ab8481e405980,true
05ea2ea2389adbe7766e9da21ffe1ae98446a293,false
dc9272790bb3bfb5c4c18bbef9e52fcb5540cfef,false
5652624fc2c0e926234bfb8263026d3e65a5c6cb,false
adae111d5c421da0ebef6354abb821c18b807544,false
d7520642de8855b0c8201512e37d5a90dc5fd2c3,false
edc92bbcbbc7d829caa477b2f07eb53ceabc6706,false
68912139f6a8c8e2527b85d676b83bea5617ccac,false
42e3163e927c99089fcd770fd9db33dcfcda8eb2,false
9c42fdb3d6cad2443a42c185013709d4a6e0f450,false
1e83ea315107c36fc96204f2688b391d7c95f85a,false
62b08b3cf15114d27331fa3d1caafc0e511dd21d,false
4a45b1b617b30472c2f83ad7c19b5780584ce206,false
81fb669d0e24dc271f0d591e91684bd2946c9ea9,false
f2757fdb76cd6d14ba732716e51a1b11fc6e93e0,false
82673d3f823769ea9ff0901c2d7f10824b1a1026,false
3e05356a69fb0452df19094562384d44d1e752da,false
8ff72ddd8be23c96e191e60bb6147e13745540b2,false
e558f824c52d612b1ff6c66e4050865f221a117a,false
3f04a0a0d5d07ed288f047114bb9f0cce849d46d,false
9e5293a08e111c6965af7ab2551513511f42dc56,true
d68a0f05be11255b0a3185139be8964c88b51db0,false
3533b13de81997068522b6d27a3645f2a2a6aba9,false
092a83a688416b7e3edb80f99ddb54a09fa983ee,true
ac338ce2c5a773c1ce455f80fe2de81662b2d4d4,false
d09f70de1e0da8ab938c16b32f6afc653ddd250e,false
c949940374fc6ce8e9ff78c192e344d1277d00b6,false
694ccc38c41b47fd7fa17b94ec9f10febde15bb4,false
2deb9899bdcb87c73cd95eff5eadac81076e21be,false
0bdbf314ef08a8a899df6303316fa1c8c9852365,false
dd502e55f839f72407f1deddd4a8668c693334d3,false
5126f06e0677dfef52480e8bb85e1d0dbeb357ef,false
798125ef7a6bfe0aff27e664d7a342842fecd4f4,false
367398bafb07ae7b80b6dafa5550266ca3bf42f7,false
86bd3ca21b3ab2e42856a3dcd41ec2c897f28b3a,false
fc4ef838bfae84b403c2bf12d51ea7cfe977ccd4,false
02af113ddacd3454422f9b5124afd8b1c615a69b,false
a4e4f767753402fc16d7008bc825e63094b98801,false
6025afc2c04d554caf73812f74878f73f40abfe1,false
85037a75a6a055224ba144bd506a4be154e5c72b,false
686677ae45b2dcdbcd2539f8cf341e66a8881b19,false
65f30e77ba897a2bb49a41347559a36b5dda51dd,false
231c02a0c7a627492c2c2f68f5eaac9f822557dd,true
8b566485e8a034ec7a2229ed1ca82b35a42ed767,true
ab59e0895961690d2402efaab3210b8a281f82a0,false
b3472e9e62859ce2baaedfbc6721c75dbbe9e9fc,false
b29b24f5079ebae524acc5cb868c40a57185b758,false
ab205ae05beb742d968ddcc445d068af02878d43,false
de4f334e24a0676aa21d577f229dfaa4f595f9a0,false
cee0466dd79e41d41307155de32fba32e9e2886d,false
0964d835720a32918b80f095d12d76b53fa91774,false
d8e6fd21d160595d49b5561e9f1039c2569bdca4,false
50f66a12da678f1149ad145185c55b819de9b85f,false
f802d6001ddc63fad2004ae7903dad638bfa7faf,true
40a2775f52eb951d6309d2173a05123da58e1ba7,false
8d7a67645b89002342db7471768e565718c8866c,false
186b49d429e462a7673f1f995397c15a7bc06d28,false
48fab33b79f6ddad2baef6684a7af0e3acaeff91,false
bbd46a763ce98507c5ae275ac315d4ebd9ad410a,true
c5ae5bb06a49b9a931aa89c5157f1be10a31b89c,false
0f20fab02ce03328bc8c8e2a2c28a218656c968c,false
c2ab5bcd50c9ce1e0a5b87e4b46a6ea487ef2f37,false
f4335d3824d7a3638c3805a624d08d1640895ac7,false
d5e007dbb3148ea1755e1c354577d730e18e4f45,false
594a5dfe25b74f25b9c9ad137404d22b18acaeb7,false
3a16f461e7fbb9e3cd32bc3fd4479b14014740d9,false
8c82f43dce134889bafc5a602b620678c3a600bb,false
2e53ef038e5f571dfcd9187eb1beca3c9ffd25d0,true
f2f7f963e69a55a37b1e72d419b24b8271e119cd,false
ce2d1c0d88c10faa22b194a4ec66c9014116be07,false
dc145d65f860510e306d02ad226c5f938ec58d9d,false
9f36ed06b8e2c3b5e5918444e0c37699e21a7196,false
90b6f93697d3e1420d3ec98df7122631e282429e,false
c444f1fd28fd952d37976a025b4c58a95371f468,false
31ba36e0fae1c33defc3b405c1ec1e09b5b8e865,false
3417e37e8d3244fae904d499a6ed15e55bb11c56,false
f0eeb4781b8da0bd6b20ff37ab48c93031b4dc0b,false
be6a73d862ab8ae2b7a5cc37f281ea0fbd0d118d,true
012ff83a0613e38eac711a5e7eb96f15143c627d,false
cd9dbac5485c5314c237f472d63c391cf48b0b79,false
80c81b274d5778b8488432146d92cca156068b6f,false
0c837796f0489795cac06a9d786bc0eb8533ba7d,false
ec1087d56ff9d879256fa55c8a255e888c7a5d5e,false
69d954a58392a1fdcc8a943a50166af1500527d1,false
8472fce8ba513c96c914184e252a08fd64a1d901,true
6d9ffb69223f6c5bd1a908f8e17644ea32c42383,false
17c4a452127a213c571d6edc48c1d9b8791d608e,false
bafd21bb390ce5fe5fd1fbc359c0cf1a248543b4,false
c5923201a449f2c8b30081638f49ed3d4d4acc1a,false
3bb2849a88f278a780f42ad31baabba2adc6fa86,false
b4e2c99d467637ad776861767ad01eb392040f86,false
4080f41cc7cff24c419bd2ec1cc81380839ec94c,false
c80e126b8fc07e8c322bba4c1f277086a962f81f,false
d3b4d35b2a1930603795263a2f4ec60b106281de,true
89048274ddea2c1422eb689bd15b0070584d391f,false
d1f0c76db3eb85fce74af7aa8e39aecb41e8f8f0,false
2b6a10712b8ffa4479ccd2a3ea436b2447f72058,true
b7864d6ac2e979e6c299d145447afd1203510c02,true
fdae272214fdbcd234d7180150bc056d1d514b9c,false
61a44dbfa8052127c5de14fe2dd1924c587f49dc,false
db13ea02b623e85459face97ad956ab144f3ed3d,false
beb8a004e6ea64e2b3795fc9320da8c8b2e0a871,false
f88b9c4629ec6342c06ed4e68f0ae88337505640,false
b51dd4f55899c1871b17bd0439cf33c977a9b031,false
b3eabd9bad5f0eb771ff4304cf618b0494d5435f,true
7187ed6950b427761dcb05be08230d600d7aebcd,true
244248b1a055455198ae00109abf449a60f1e314,false
06968a929591a6f77389053b31f8a634042c70cb,false
4eca639212e44ec7b42e4f2503d6308a3c7ff588,false
963663e0cdce1fa3f240ac5f622e5578920ab67e,false
365f9723ccf2ad3eae427028bbcdfc20f04543dc,true
d03e420e75cb25aca57478a0323a6675b36ade23,false
55efdb2f56e5ae435a8642e606cffc9b3c422a66,false
49c051c8b730c4a0cc0340ec35bb32a167688909,false
c24167f6a51d0f0dec32f30917de20160f2ea1e3,false
9db8948f23f4c7606705f5050dd977918c84ddc9,true
a854960476839c863f31e84bc6940a451e710979,false
ec77be00dc5d6aafd0f51868e825a8d5ba1a1656,false
af7515247bbd0c66f4c25bf17f26b7337f77af3d,true
b99d09230569293825f83824cf56eaf653544c70,true
aaa92279ca6382ae23769b52ad2c2959313815ff,false
f74293e8fb4eca823c5aaf75699008af9b8f42d3,false
0807600a2db2e825c17ce1ac2607493cf0cb556a,false
99e8ffcf9003f6ecefa78519f0fc6e3a6996a232,false
68a83ccf37d2214cd913dac36e95678528b80746,false
3693e3c1b6da04398cbd73a28b44a764abc9bc3e,false
8df73a30064393b7ee20ef6bbef38675b5a506f7,false
26c95f1397e308b3c54cf1aae85d50102656d037,false
57a3a9b111f7f27a725557413aabf415e55286bd,false
a9eddce672b6c98bc4ea9a97da5a3fcbe295577a,false
07d6c9bd5ec1360911b44b47e05cc40f3d2890a8,false
6dce32aecec0881e73cd99ed64680669e149806e,false
221046732ba3d1ee6423037011e4e2377ab95b8b,false
5ff801c914f041e905be4398bda0b2194ac4d411,false
7593ddde38c5b95700eacbea8981373bba9596ac,false
08c72f9a655993e01d95b28d8e39166b7f65d606,false
076176a5f64d085172030118c9b6ec8dc336929f,false
e053cf82ca231f9c06d020d26c1a6295dfdf9934,false
a691333c5ea982a3f554f7e21a6143df45bb4e70,false
d584502fef2f6b1fa5c21363811e4383b0f6c0b6,false
35df3f72c9f6b6aebfe57f2780157fc279868f9a,false
b61da23be761a874ccd610835946f0b9b352b22f,false
4b52cfbb933444eb8fe671c4b525c1855b4df91f,false
82f977fbf136f3414ecc6155ba519b3ad07996e2,false
af445f96184656aeae8047443248ac76eb44f66d,false
095ed8b54f4c4252a96e9a1570c18b4ec280d298,false
b4563023f67fcef2372a1897a5c3b1c92d793d3c,false
d1977479bdebf8e146baa6a4458133cda133de7e,false
406438e391ec3c9b848c52fc46b542bdc891d5b4,false
6e6e4fd212a2ecf6644fb7605c6a5e457270d638,false
063ef02f2b5b95efc5961d4fbe90e8196f1bbc5e,false
7056945f5d62e9b0df7001ef2e382227725cf38f,false
b54c8276b4e17e070ec20b6c398cbd7f90d8571e,false
cb0710bb83520eb8668461b76b9a24adefe5c91e,false
8c7b1a60d2425fd42c712d6157254b9dc184436c,false
e2bda2bb524e8e0caf52e48463def77a6cdebca7,false
fbb048ce56324141fee35fb41929606067806ddb,false
829414ac190377aaf7037989f0f4710debe1d843,false
8e0b8623bcf1d58482b739e6636bb34e22950d2b,false
a8c270f3c1be7d1936ca291866c737f4a7b515dd,false
8c3a30027e9572bd61071f0949b417d66c146b18,false
743225ab6a38687d07d172bdd460b624ec24dd43,false
31f2dc35bc1d0f6e36000a1fa3b67cd57b476ec6,false
1e4fa8c045a2d8dfd5e8c17346c92de4657fc797,false
4df285013e3e7720933d4be3f01ae9490aa26aca,false
70c1bddae01d5cb706a7607629566b0f700799e5,false
b38ae24908b2cf5a03f3b096c7a7d24528a320eb,false
d8f066dec47f63d57d0a669731d9b98efc23b063,false
158908a3bf58f269ceeaf32362d495868820bf42,false
ad1ce585d99b9be17fdedf63cd6528eb77401b8b,false
7f4df8328cfd4209b1c98d558e6274fd5a67f729,false
2a36b915cbb201bda9b77431ae6d670961cee67a,false
90e6260d5e05211ec3e6dfeb9e6e631b56062281,false
ed8bd4b56956e44d341d829e45ae5c50281ffb6b,false
c986a46fb93f44f0eaae0e53b52e6e42011707e4,true
330301899ad9ff76c2257e700a09964f512017de,true
ddf5341b8638e26dca923aca1df3520436fd2ae4,false
fe41cd486fcd45555996a0f834a63583a0e698fd,false
bd45837d9378b04a257bb875391a1d1192310b71,true
e3512c957db2a1022d308c717b2c26d7a21779be,true
10fe238ddbfdb52b58ab946a025daa5422e16583,true
85a48a79a34ccf7d2be7d7f11cd20a4ebada008c,true
e4220a7ab1c36f61340bae485154d12a75a7a020,false
70a786613d6708cc49daaa4ac018641d8344a5ff,false
bda80547ad087cba9dcf131e298e5ff8ded4f0d9,true
6218d0803774de97c32e3b7d5a56066733def823,false
42fc0ea1cde1fda30b42d3b8ac9237a64d3d73ce,false
3bbd61f9d7c4efc3377ad4ec23ae13e43245549a,true
0605fc48436bc034e6435ad3269a0b79b7334989,false
f4fb45cbd63a4aa66caa943e356014fa5ab8e71e,false
8c2708408687d57d7c9f49c0d630790172901fe7,false
a082c6384936614d472ea76f8439eb2c04cde538,true
97f01387b95db03b38ad6fba19fdab27f0b8e83c,false
7a5da83ce2186ba6896ec3a4ee1592f072969af1,false
fef0c6686814d7e0a246384e2a82b4fa2f060246,true
af9f28c0109dc185af4c5dea61e24a18fe45c74a,false
b0f1773a92f195be4049ae2535fee2af69562e50,false
4e1462326c54a11d2826a6d7de4e448aad15f4a5,false
e49d51423631caeda5069d0b77b5599d5b7bc552,false
9f79393aa58d67a2e6077d1b4ae93ce33589d8e3,false
514f59258a0dd3841a5cdc00480c9055dc12f526,true
81b5889a26b71ae2f471089a0d886b4b1b464976,false
5fa4f2647b72eb4ed1bb468171e5763d11abbcf3,false
4e761623465fc1de20e01d85d6d63556663d8384,false
ff935be54aaca33114c61723105a6b2fd0bb1926,false
e6aacc5f08b135f50a88cd453097ecdc83f865c8,false
9f2d887ca077878fb5fdebd3bd13db09f8b0430c,false
e502b9169fdec30200a631cd42dfd3a092e0948e,true
92980824b19e233b6bda27419f29387cc3720306,false
7d42b07a321f9409dd25445c974c6c12309ebbd6,false
445da0c4eaf1c699b10c5963f95440df6c8abdce,true
549f09573f4631fb46ce1cbe90ca33805585dfab,false
dd6a21257b88b976238394d8b7ed5c1b9ecfe1d2,false
7041f4198176fa81710f74d43bb5565e43972b6e,false
370ac2bd8911b5632933975300e779f722ad03af,false
94e5bc86fb12bdea8d00c00262a48b5e49236f40,true
d5f9cf85c9198ba422197cd73f6e83873d9a6ccd,false
a3673d1af5eaf5f51eec97fd111da3cca5590eeb,false
c19909cef16c6a7116e39070f2eb0fdf389c0129,false
5b7e40638c7871432b2ec3455940023cd3d51276,true
deceffad00d81ecb5154c2a1159499e699659084,false
e206121bbcbfa6aafd7dfceeaeaa80020d62439d,false
b6182216d5517b9fe4d2b1eba72f51e09e1921c9,false
243285f7c2c868033ec76b08e26c102b18128494,false
ac8dab70ef086c139cdd23d2e806a2d4721ebe30,false
6a95809da3b9a197a9bfc1a8a8a259ce59d4cd73,false
f19575b94253b9a32e1088d51f7567b385925745,false
0332779d6a7e52892cfeee8174468dd53cd9059c,false
951df6b4e2386458fdf5b8089e9c58ac9c1dc9f9,false
35a4fdacbe4d75bae0d648cf66a6526d0daee313,false
e47bd3168199a845f54d29752a21ce67e3681171,false
3b4ece6bd8970df992662c39845add4a1a9a60c4,false
60e1556871592adc97e8d969e3d6e5f7952f5f96,true
937eb350b28766bd991c6111458f23bdff0a3c00,true
468f878a382d34cfe102f705c624fca23ab432d6,false
33d390a2286c42d247653a45e038bf8641f7f8d9,false
6f11390cc4078fe939ee90c0e1fbf6a3bae91252,false
8c7462678f229353ecdafaf973e2b5d5962ef5b4,false
3f83368f422194c55631e40fa6b4cfd866f1dd2d,false
cb67e805dedde432478df7fde88030ed95bc1b2d,false
5ba3f7cf6d8b2c29eb4f4d51a6a8961db502500d,false
4189f598b937217cb70494ccda7b39a9d66426b6,false
c238c8bddb690404305bc034fe940f006cf5432e,false
fdb3764f5c11cc5a0581d5741938f22f8782f730,false
c50a3670632c18c6107e2f25e5b9e7d61ff75c2a,false
c76cec186af4df7b1020cd1471ea50dfcb25afba,false
08b08d1c4792bf5a3489968572884a84cc21c2f4,false
c0a0822843969affedbf9760d44234caf46c8cd5,false
6c55c3c1bedcd72c679c38868ae9f4ea6daaa385,false
ae717d8f5fccd76c696f5520d97283ae88a40810,false
3b969a00770fc45fe966cb7f91fff7d803c4fdf0,false
e930ac08aa78ee5cd9f0aa57ff4d193789d033c2,false
29815fb3f054f7e1b9460d6bcf8bfe7bb6ec23d5,false
e5a8c0eb4af5e7f4b86fef000948386cb073f7db,false
69ded4b33e97f70b75991792c75669e5a2583bad,false
070436a6edb338bf82ebca8bfef21348058d2ad9,false
cdccc2c43350acdbf612117f2901e121f7b52938,true
cf883f5f0504686aa1424733bbbfb1a095f64253,true
87841886d4bf6c4a60d48774333dba6609c97f1f,false
677d75e173e44c38e4d4e02d160d15afd5b81928,false
f4db9ff212a672572c2a8fbf2f494e67d38a6d27,false
76df44e6bb9cea197c075e174493e61b15b2c2d1,false
7f7c1efac1af19badae86c39118903c4da383838,false
fcd3bc113331c138778a1d04051b0e55f688efb6,false
6db51bdec03ad2f0654b89eb9da91bf1596890d5,false
3d2756f3762103f65692e935aba6743aeebea242,false
82730d9e08164ae47763cbb4bc7ff8e87b6569f5,false
9ebedc4740eec55a7fbda71f856e1dee86ae8fd4,false
9e295b105c80316e24e3e029cd74e1516bf6f3ad,true
490853e42720c4e1299cd1e82c56f823c2a7c02c,true
c987ff718af1171f9f420b0a1ad7d56686f49d24,false
37b3a9f8db3e4b8577f9f5df969ca06eb75f0252,false
1ce2db9929f8937d83dae2c2c6afd80c217c0a10,false
3c01b09fff0b5999074d49e26f327e07492df869,false
662b5cace6fdb5daa8d62786e5ba94a1e0949b32,false
269c3cafb0c3f610746fde3be2510501b87f942a,false
fd13f3f98d4c3ab99a9b31d0c79fdfeda95e6101,true
e28be01dc23d480d3938ac26e7fc2cff39379c3e,false
a94bcb02f16b638c7920b16a49bdfe65650fa1d2,false
566d656c16e9e8dae7040c7e6b5d08f142d2ce69,true
b729085d524e7727cb092a1b36f62b8601bf56ea,false
b8f04306993e4461c7011202b65773a126ae2f46,true
36db64d585526d6dd5f544f429b9c84aeb6c64ca,false
9703bd31ad9db1083eb2fad646c5a67921db5b40,true
ed9afa082a0756678b4b56ceb2b17bda9d35bad4,false
5d06f040e80a16cd93cca256af3498d72d219e78,true
f928efed4e70e7e8affc30f3dbdc07508d7e9a98,false
b75cf0bb84357c09418526fd17210f71eea0b4d3,false
d92e80646114710b395f60a9b1ffc2fab79d72c4,false
4647beb0d239a7947aa5531554a0ebbbc7b7b788,false
a240f4cf45aa3eee31da1994f3bd8192ff0e28b7,false
3270506bff040762e47e3dde775266e1cad67b42,false
9fdf2a49fd53ab5285466734c2d42b0906128e14,false
453b838b242baed8a5bc3e92c9294f4f693273ab,false
9749f25ebabd47ef6504219fbcbd827fc7344c59,false
93724b7aa634109974f10699891b351c1df85f8d,false
d28939810cba4b1c2f75d84bc88965b293766deb,false
5f71e3e73ae9c0381650a922f45a241fc75a463a,false
b086270a5a72278b3cc1fe1c1917264f61cff07a,false
4d9c0c315eb6029cdc99314ae1a34b3f5ee103b9,false
366a61f052b21a87d3fea8c67bc58249798bed3e,false
1819087ca092f6ea113f188fd853fe682b5b4952,false
2cde9864194556e72e6a6c3eac96139c492a8d06,false
0e23315c41a864b9b01b294ecf4fccc84f5b6a98,false
537f2ed97e78bc6bfefb21749ac5d88c2e4deb15,false
8c8fa961339fb26f07cd13ab8f5c1043383c624c,false
6e224cabcfaef6248d97e8760b6b481db64e2c2a,false
9b7c7102b2ad0f97381656a3e8a2c99c1859fba1,false
3e04ea4cb038e15a7ed8575362d332497a6a5291,false
2659c06c5dbf5ad61c87227cff3d0707829c1ee0,false
6dca19ae0011f9514efa6a5380fb5a097149351c,false
7e13b8aa2e232f17b3962bf174408fb1bc18b5b8,false
38a3319ca26c73a29faa6ccb6dd8f906d628d2d2,false
c4c4912a7e65c5a16bd78b9caf0aa81dd86004aa,false
c2843897ac7738b27b7423adc34e219d136bdf5d,false
d212198e307c9f41beffed11fe1230cc94767f76,false
b6d7831646bb0ea0223946fdac2f5943610e8118,false
f794bfcadc0fcacdac42d38eae63fb7713f4656f,true
9f438e29124f173d9b5853128393f9f8df229fe5,false
58440bc88d16c48de4c6385dda39f7aa5c4bba8b,false
f39f06a540169994e8e53218e188de35a26010c0,false
35842cf4a626ae6d57aadf62a7ace937cb4d18d0,false
669c336e2f8ab90affc5d2844aaea7a45c62d861,false
9c32935ca28662a90c3754a1d9c7f602b3b8efda,false
0af823607ac5d6ff282c4eee175e4a533176196c,false
db3ff7b24a2cb8c84b00cc5cec083361018569a1,false
5b32540635d9243e573f2ef3ca126150424ab712,false
2c5534e2c1fc90ee2cd35099b39151b45d6ebc52,false
72981fb9816fa39462f88c8bfc382ed3761f4e31,false
6cf742460c1d99027ab5c8393a3665a919dc684e,false
664ec43f94d3e7f3227b216a65bbae80c889114a,false
2224d917a331b2e77dd299b9d02c87d8f4ab7610,false
8d302aa9fe03ebb61fa729cc03336fd49fb0db68,true
fc04a93990eae1ac8b78d216b853f753b93a7bcf,false
33def928cf9bada2a6d44101f20ee4d8d4e71085,false
930029b5d273cfeebbd095c27d0720b78a03fa89,false
f33ebf810f9fb62931c07eca8134335fcc92ed99,true
0910844896475418dc28ebfd2d3bae43528d5b26,true
f1e973f0d2000957a21387a8ee2f65bd08c776fb,false
51370799c765d1774abac61a6f2eedf09156d211,false
8c80efb904b023cfafab23083df8d5881f201dd3,false
9e7029b76ad63091a5920fbec0d08fe94c1f5785,true
b2ff0e4051867959de6d615a66df12aa700468d6,false
debbe4480945ec9db59ea9fdec88abfbf479e29c,false
6f24628fd221d8aeeddc125d686d27a23894865d,false
04268f4c20e4fb87b8c5c0bd44dd5111979635d0,false
507527336234adb9146aad40a3d5160f71ea2c91,false
b68bd107c11f24c70c702bd989844a68a20a8a6c,false
bd7ed289811a570601cdfa4e3998996856df37d9,false
f191c35851f9dfad6d87ffc7c9734b4f3da93c2a,false
70580abd50aa6e7bdc541d7bac6025c82947c749,false
619552ec5c1a6fd1dfb0eb735b67d645c5dc19ff,false
5a70be152346958009fda0419d77502c6e52391b,true
332f1104a3e35123a8f9500b367072adb9c48c3a,false
b486d29d2342583dbaad42787ae47cd7a8d499b4,false
784affe39cf609bf1d062e6163be8b39e6ed2aa9,false
db2f50c76e61b25d5ff17168407d17f3c05aec71,false
531c32f3c91b9ea9edf1c84a0867fbc5de31948e,false
ba9c118b5029895b5aa36c3aec96be0dab68f638,false
382da7e8f7374d9c073abe0a6ad94c0174830074,true
b95823d7a8ff5a48751eacdcd3c4f0f9cb503af7,false
a108b2bd6b9cfdf58be80326003d6fbd59e82bce,false
850faa25ddad64c82a5768ff921c2cc1bb71bc34,false
cba80b6c0b29525536b52bdddd02845833d6cf15,false
216cc10f3c679335dbe4c4a2e09bb4e85e395370,false
8faa5b21515851cd2d8dfcae109abace80b49701,true
f91168eff44d528e82588b7e6d9f786a1ba0a1bc,true
52ce6cc94bbe59dc8d95cae00e83a2c663963ee3,false
9aae665bfca0ea401ef4582165c3686d347ef9d7,true
6e02b99ff6fe9091eb16e19ac97982ed8884f070,false
7063a3a9da3cc1534c190b79ecf40b144fd6663f,false
eb7fda28df0067c68b5a1c8bf2ac59e29b4576e1,true
665adb68950d9490e2927068798d6650ff1566a2,false
25523ae2248541c355096022e17690bda83ca2cd,false
af95a99854247da901c3b8170aed7257e5285ae0,false
63bfe9584883f792d933304fe8cb35c2cd96560a,false
5b6fd9b88c3bebb68b88a187e8a5d31012037088,false
564079c7e939b356ed0347661e3333e76f2baaae,false
dfc4595ec53139bd32ead2069850a8e7064e6cec,false
ad64dd7c3dcec93d94c135fee4bab5e90965a72b,false
2f04a6186b105d88e8f315cab110162ca3590343,false
3a8f53a54c4b9a402fc787304b85dc6687804b22,false
4479de4b9bb8217517d2d9d1ef7677f451057eb1,false
e1f799f9a1f9e4dd8eaab4c8b3205b73c7455424,false
20aac6aa72e958b9ef61eb6d8e58ca81e7793551,false
4066c5df4214e14b256af7d989b3edd43371a684,true
8925ae67bb0fe4b6f96aff94a95ca0dbb80d3835,false
2820f6a7b8b8ca9e28306f5de01ef745cda61bc1,false
1b3283bd69610b509733aac49ef0c758c4e9a73c,false
6b0d531758358b70cc5235488ef6ee7d2d3ea657,false
d267843e36cf6a8039f3f1c50fec2113f4a8a260,false
5ca67dd8851b5631703ea24866fde97e24781874,false
cb13a5a5314f1093a6f828a930aecc448453657c,false
538a1d5cdf286bb11ba46285217524cd41d52448,false
eaea0f74a511c8f54ce636d4e7d53f5f36ae6d78,false
43bbef9a11a483a106dbfab2daf45bd6c62837f2,false
7fe5bd32c8fbca2dae8a99dc43197c329ce748ac,false
b467b68f7b47a2c65fc4530221223f07bcd9a37d,false
b1d4c0c7fedcd073623d61aae05ab1340fe4fbb4,false
fc30eba2477fbe7bf37ad6369d3e8a5b23ff9fb7,false
b895cbbb1e2367a918a1d95c7c341664f1b2f5ba,false
a0298285e3897f53f632f1c1435064bf5b97efc6,false
7d31b7f480ad0df5b27d9415e603cfbe166fbc0e,false
b805f1486ce1b79988a4f21a1af2585e8ea7d7a3,false
38114784f1a8f88f4477e2109bb944b5e4979ceb,false
922898263275776b3a7e8e8870d5c88de78a3409,false
a56cba68432e5147f11faa70e8c34b647bc1996d,false
831aa69da86e7f9a832072d123c4f3af6af8075a,false
2b6e9ade075d9365ae5bc4092ee51e2845f8c8c5,false
866da75fa943172012f9b1b863b774c8bbc88ca1,false
a4381b78272b206c5ec369d487f52a27f00ff5b4,false
7b4a69f839fa5fc65821a1ca55bba80ac4356522,true
78cdaef6d249833905868a2d64257691b6dbbdb4,true
fe584940e121a7ae500d9ea1f126aa13bf6d8527,true
05bb399893994d6cd596687fa7b4fedc294ef2b4,true
92570bee06fc86573354d5c1f0e3eb61d7f0d864,false
32c3ffd57b3a9042d2083e030af1c583c77a2180,false
f6822d6c24862fe61944d3840029809cb8ba7839,false
a7eb17317837868f4ac8962dd48459c608ee3653,false
b5d491a54ca20f1e46f470c29b95c380f36dde5d,false
096dedffb1dbc028be7818c4fbe47caecf33b73a,false
0e94d520940679e54644e602b487369d6bed891a,false
7be1fe5555d0673a5b17ad6bb34bc18627de7684,false
6e2a2ed94637c98ad8035e37742595395d436cd1,false
58b7a26b33c654a0e40504d79aec552519ee5887,false
2ef45c85b2b52550c7294ca16579211f3b10e037,false
fa5117a098c982d7fbaf21c5f3ce36c3d3941cae,false
5b084f08512e5507e9831e35ba00ff8915492b13,false
f3a3a89f93f5347b7110d9e2f13b64f205790878,false
fec61d315f575853a2f9d966e7b603013b04c71e,false
407e4e003ad64fd9fae4631323e4eed3ca420774,false
496da3f877c5f8f3ea52429b36719de6de95211d,false
01929397cf4f4a990a7616ccf672ae054f2dd4f7,false
e03858f0659c108f12d44b5c162586a66d351765,false
6d1b0efd3b245145d9444386aa9e9f56080df600,false
94deecb7b1109efe4a5eebeb55598b7ee9c17a14,false
4139bf94243d1f593ee668a633d5dc75c298d39d,false
8baf53b09afc13e45b9880fcc5f319ddc782f264,false
397a78f24803fd4bb11142d8dddea36ccf6fbb2d,false
d8fcc1f221e1e7857d2cc0bdacafdf7232323a11,false
7884cb3bea6fd6f431eecd7df3716ea46e28848a,false
ce5e9a90421da9aaae06c6e150afe3e6c09df944,false
fcfd131ccdf5720d5886eb6349eb1bc7beecb863,false
edcebf13365a66da96b88e7d929f63fd652a555f,false
f50d15d353aad36b043b16c6b7efef3058fd2a6f,true
00194ebb902230c2f238c886c0a864f852cfc191,true
80858bab6b4194cce0371d7181ee65e531c0d72e,true
108e4cb3916895c4e9a8702b5cd59617796e43a0,true
85b2c44ac74818d659ca106a151edb1a20190845,true
5a960750256398f4de762023b9c253e96d47ef2d,false
9fd2cf9834eb9faf56011669be3fa91c52fc038e,false
356a442c6fc06582a4e24c6461fb30e37f4340d5,false
93a5bf8d2905e227fac07630b30fb4a6da4e1145,false
ada5087f677cc15dea446d66343294c96a7fbaf8,false
395759cc0aea9a6c2f89142cbfcb18bbf2ee3503,true
14c49867f706c12b27d007ccede1c799041e857f,false
324a69f7fa4e7c81892086d3819da49f2deb905f,false
dbf84773d4c6d67dbf2bba005c97d02bd0c7adb5,true
7b4acb53c9da03c31960979313ccb0a7d5f045e5,false
ef9e40630002829fae66f189be53301ce33d792f,false
36be41d0deb175f47b2bbbfca43427cfdc38b43e,false
319446fc15e81bf7456235d03d92716c356fd66d,false
10d6eaa5d1969180f81ca25255a16a481aeecf6a,false
5fd91b4f921eafe4b40222b74ad825821206eb5a,false
e72841ba276a242694d19feaca680047d51cd57c,false
ebf2e472b3f33ca9af4d98b2cc15371af503d214,false
93b506a001e579f3211138a55bf4551d176f6139,false
d39972b3bfe3361c1437e5faaf6ea8ffbcb0d8ef,false
0225a8b1fc9ad6f516adadba6b6178dbd7b22a25,false
66f15d2a0815ae216d4343fc7c9fbc8e35d9d853,false
3b5d3114a6d9a5c514d88fef57f823215cf81bdf,true
11a236a172ac7d64a6963d369515801ff29dc3ac,false
7da847a485c1262d7fec3ba8983539a3cbc30401,false
73af5c23264ef347a76fad6d459a7e7a93cbb71a,false
5e0b29bb6d3b1ee73e7fba1d6c2ecc7446264419,false
c9e18e5b933ca0abb5647b7f69468825791c05e4,false
ff0440d7d239a306d0f3f4a7383795d8b6228d1f,false
6f6d11fbb84ea12675f8dcb2c73fe0a169389bd3,false
4427c1675dcacd868ff83225ded3617647da17d6,false
9e82561804b08ea04d123eb7feb5e7a0f28e188f,false
2e7fd480f492400d987b5da72e2d48afc35c7765,false
2a940dfca6daf7f37cf32785c0edc8f4a6e3015e,false
8c1c7ce7277bffddbe1107c99c49494092fcb0a3,false
c1a377d15df42a77b89f490f9a1daeadaaf5de45,false
fb6e9b69abf5e9f25495dbc15118f472846fb9e0,false
f969c01f7e4110f9b2210acc15329c9c09f4d17d,false
bc02508102b5ffe6f0ed46392585597b70351d56,false
d9b5344b2467ef345276c228c7cf7bf7867ec5ff,false
ae260fad9cff11c40334eb895d1d0e05942b03d5,true
607ba3ee56924aa4a824077c027e0dee597b157d,false
ec7568d28e28a74e2e144ab52bb310d075f690ee,false
b4995ef9a78665409ac8f22b6a4239dc74c61cb1,false
5d6a98452ac2a527205e6c74298e322b586034c1,false
7d53a147d8e18424c5ed6bb4b26c4345c6b80ad2,false
8612a1d0f8e40c29f2a3391026284d789593b46e,false
f393e9b2cf5ddbfcef860eebaf51541d850d70e3,false
131f481750dcea638371ac84f31fb0ac494c3f2c,false
c28990a176b947331d011842c2789ad052a41a78,false
134e21765c7f9546edb287d6a6f9aeec842380d1,false
3491956385e58aa4c1d5deaf8744b8daf084ee29,false
9d36e9adde543133873d6ea3487091cb713fb201,false
20d20f42c056ec72f4f486cd73c132b0b7d05b34,false
bccc35bc3fb19c25580c384d3dfd5f1a7d3daaa2,false
ef1ab197b6481c9ffb3a29bf0452b7b5d7f87cdf,false
31371b5e3df946fe1b5524e24aadd826b853d6b4,false
1b5e5b56cbf19809df09b4e90170d2962b4ca0cc,false
92b804dc9cd7186228f59b7dceaba5fc93240c2f,false
1bdf9bf2e3967315268c947fd98d48ebb7c1bf38,false
b856e16998a136bedc03a766728160f55914dfea,false
4eced52c5fa76ec39a123e0f41f1eec9de608252,false
eeb85545354076ce1308bfa3c018b2df4cca0adf,false
7aa957c6840f2a0203bff940f93071b79a0ed999,false
9bbcc08ff306a93a05eee1fc29cb800f189c2344,true
d3d6731d6fbac984b8614b87193320a066ab1b5e,false
2b3f6817235a44fd119e209623ef4b08439f03d2,false
3e0f74a8949fe8a5874773e343d72dcee4492dc3,true
dff27945011480e169825aa01c8d5fda5693a0fb,false
78a99fddfd3d0be58fc478d176f8b93fc1716972,false
249f7c6b7cd427e6f252040979e661a70d932d1d,false
df03f0b7d6cb672c84e6e013e27dc072d9072523,false
922f4f4ae5f201c8737c6d70e3f49ca1b4ab564d,false
7ca20fdeb3c7d6262fab9f32b3887d67345bcd75,false
f62febbfb7b2221d66413fe588c7ad5b631d4b20,false
977cb34fc741dc18c04c2cd492dc7e0c97f620df,true
023069849445182a022af6cf960804117c920a4a,true
4e5d14e4a272ff21ad70a520e755d8d3bb5f7e46,false
8e80e889f0c624ccbf8dcd59f1ee00ffed20f272,false
d3ddb21716c5cd43141fdea960961733b72e2e60,false
1ef8eb92191985b23cb38c230c9f6ca39b8733b0,false
5dee839230179ce0f33426ffb348aac229d5448b,false
2cc6285a81b1d1dc641c081eb8c5f3d5b28649e0,false
a2209ddd5efb26f45c84b0b8401bef9c15b20a56,false
2afa4b4351c1c95f762cbff46bb37b962442bec0,false
480bad181b3302c847412c9d701a23f528626a56,false
006d5abb783f926eb18d5387111b93875160f1ab,true
34bacfd5b13752f3a30086da1ee8ae645b9f8ad3,false
04da4b22686bb4742ab47dc2924579b00cac06f7,true
2a8d5e292d26d153691845c741d3193dbe70e53c,false
d7ea770d47e48f977d54c9e6eb39b5a0876dffe3,false
15eb56d4dd2ed23afbea78178a3854ba30bc0323,false
49f53f55f31d9852ad1d72f5f3f89df6666c177d,false
d4653d0590f2de498741514aafa3bded78c737ed,false
cdbd38faaa4313da501bbc62a61a53e4a8b83aa0,false
ada678dfe2c50a2781bf411182650c7c73837d56,false
a32309827f03c981e13d351bccdc606cd2e98cba,false
c0323fe816483bff6d7af7d435059dbc92a8c6e7,false
d4fc34ca2d771a4586098707f32f31400b7b3c6e,false
b2cd20c03554eed10cbeff5d6b888608b0dc87ca,false
8598b92dea1665381fd4beddca0cf9e9d62188aa,false
8a5442f80dd15f3fd8169d6666a28fb8d10971f8,false
38323b1c2a364556556d5363415975f3861a7e4e,false
18b004a2ba6f35f2224343eed75621511fb27a22,false
cf5bb69fc88b9e0c254a1b9ac0eabe7a40782ac1,false
325a6f7d660d66cdafa2238cd227ae698aab0cca,true
07e6ecd3c35628d27e10aa85841e642152687e0d,false
69e4b575a87a21e5895ad48bb38e4f200e982f9a,false
067709bf4bd4d75e904824f1760ef5c8ffc3b278,false
939338aaaca61802d0d09b18e3d914e7947bca9b,false
81d97c35840e9292cfcfdbf4df7d93f84b44e167,true
9cee71004fd8d3eb298ef2bd860f5d45d0adf8b4,false
c9a476caf7d9b5acf4955a0ebc67b07bee1347bc,false
682ce083149be145512b11fe4037aa74ccbe0251,false
71dfefd4b77fc56132c34c4d2df8a7b3ea2fd839,false
62a2104adccd98e63ac111c0728922dfae288d5d,false
0c9b85a4f97c3e06c29792c4ae4faa2cfac44074,false
64fb2ce49bea8221a2c22dbc262cfbd389829a56,false
df4d8ac7e5da79cfc582e0776b21772e8beecde4,false
0cd7cb81622d2abadd8744d028b48523df12c6f3,false
24a5493ea5ee090ec6bf5787f7bb4561729f7734,false
f888f35e357c0b01bf5c971b2fb30501ede18afd,true
a95e187b25ba7e8b4887e5bc107ff2bd27ef542a,true
824b3e657ff20c5db2e47162240e9812716272b1,false
192b2088835d43201351edcec15aeb93a86a8733,false
153818f7fb581dd7dc47e72aecab4986720c593d,false
bbf03a05076ce20afb5f6df0a3d4b097821344e7,false
f1034c2e79398ede1a366131f3620def15b1ba24,false
e5c5174f6f6a429eb8514f73e437a0945254e08e,true
6293f5f170d89b3c2368dacf43a2601c76ab8d7f,false
3d468496735b294a6531ac32bbb077779a7e1114,false
567eeca782fec8971b2682b5ef01c787674ea0b3,false
b33b906784457cbb038eb75003c23e0c2565ad5e,false
bbb6f4471f6459d01660483c82f682c5ebc5a59b,false
ffd8687b4cbc9ae9dab8f56384bfecab83a4049b,false
b7b4a0a8a20147d78cbc541d4a88a421a25d2807,false
1132028bd20cbff0691d8f1e2cace5f0864816c7,false
d19cf435be6f7f4456400bedde03be5f3ffcb7f1,false
ae1c9bacd6f58bf550cba28e9a0b66e969307a44,false
354fe1948eaad1144513db30368f142fcb83449a,false
cde0bd22465cc1e05c6e362910befcc2f1cea628,false
3306c3c2a2691324b67ea3005f08cb5a35a9f306,false
3af5730354a5f78eb5d1e279a2ca51af9b817e30,false
a6ae656c9fa87e0b97e7c7b2ae346f936911b38c,false
d6eb5e3511587780e0899cde43a7b0760bce4622,true
107927f5a15028c0be35d28bfe7e188cca655d0a,true
1d06ff9bf0abe8dd206dcb527979c4fa02eb5e49,false
5d911ef93f3a71ad59f15f8edf48a74a99027e2a,false
0fe608f91ebfb1cdc7ac0025e810d153a39fa199,false
b34f60b1b0368666fb2c3edca203fcad74241762,true
8f9771adceb9c2d2b0e59e3422d76f6acf7ebc6c,false
c9abfe5438761b5f87ba3a7a815b38b761b99e97,false
01f2ed089289b01b05c06edfdc1d8095f2770e1d,false
fdcf6cb6e1412e0337dc0bd2139f4aa03adac7d9,false
2e156d462121e0dd2a00593b185130ef2435700c,false
0aa5a123b7adfe4fc01d76d60ce47ed20d382658,false
0d4bfb7bd5dfc640fa73e3aa197578e34fa155f3,false
93e1b132786d5cc7b314f2e42fa3430fb0a4103a,false
cfebb3358d4c7675a7d69aecad8e05487baa5ef4,false
b84854af92b11f4ec3f1ce35483d52953a9ab6cd,false
b268b6edf742db9d344e5631b1dd134e54a39351,true
42ad3723fd56c1b3db923eb3617e9107f7905813,true
4711094614f88ad62c6421e536dcb023119d16fb,false
f3f58c8fc7966cb55ef9297a306577a935b28f51,false
3e7b3604a48a1fe312b082d3c19be21ea4b9addb,false
bc52a4e90c3a94f56d9aaa0bb775c2cbe787cb13,false
4850678d557c8de654576ca41fe9e46404cb9b8b,false
596aa56b38b469f082e363953b9ff71f599642f4,false
4d1851e6beb5afb9c8de952797364fb4ff14faf2,true
39c69db820efec991e6bbfef9bd7ea4cc50912be,true
116b9b42d81e0733edd1d66ec80758c5969db844,false
4ecea144bb4d3dd511fa551410f9a481ddd43b92,false
fe8c3ba216d2fc145eb33707accb4abfad87125d,false
e4e638bd318baf6ad344c898c3baa9093975e53f,false
e6dac9335236f58d567c6e1aa93021b4fb6174de,true
90c9a7b3bc79972cb3765f7bad2681d7dd58bf1b,false
d42514d8c958eadb5eb6c59c47b3bf62ea2ab472,false
4629276500a889344ff74d485ded15f337c4b86c,false
1e30022ce7d79c26632aba675fe0da999271225a,false
af115c996627f7f5000f8036be4e0769c7ed0436,false
79df863b75d1a9c75b65a16714fda7f9318ba038,false
6de3713049e61a838fe094192bb27d0f691b318e,false
339b2a24a2a05416cd3b313d94551cc7ba5d59fa,false
2f828255eeca61e1e92442c1a48b7c409830549d,false
27dc211e2d7735bb3857d524b3a59e85dd84033f,false
11f5c0afd105b0647c610e13e39a5f72d9917e4d,false
31298b88575e12ea73e484cfd760ea3f030dcbd5,false
f8ccbb4953e835c78a5bdcb170121207b5622d6a,true
89a1e027130811fa8692a9fe0fc8f1e054f8e7e1,false
58d577066a03a40e2d7a8c160cfc13c1694ab2a7,true
d736b1eba5608924080021a236255ba731892016,false
6524a619f6c759cd1d0d40762edb80c4ec34e40c,false
b711a467c189b21742164ef185416751e3d58d7a,false
e08e3b536e1b3d0a3d67fa96b182b403379697d3,true
6837db0015d220dbde21fbdd1b38bc419e15c18a,false
7620800cd5705dfb93c8d684abd7f949a826b6b8,false
cb8b0225cadaa8f51f32065ee914cb7ce0f38d1e,false
1ad038ece54c44cf13d19ad14cbd05a556b649e9,true
7225e2b379b9a753644c51e0ac9e3eb0ca4e049c,true
7ef925543739739809d79ddc2dc1c82343b780a9,false
1a5a66d0ee6726889c2f6c1e92eca67ff519d9a3,false
e7dd0eeebe98aaf41a31944e0b6eb62d5f4db8bf,false
0b4bbaf23d349e65b2f2c69b53c0a579cac92ddc,false
f545ebf0bd5b4f4ca0ba0c5b163be78b8f168904,false
e119d34bcaf16ffa68300e7dc0140918d01c1622,true
19c690d02ba76133d492479b74340d807b9a24c7,true
fd80cdaf23f7d364b7c60717743d818d45f5e2a3,false
7ac62c984053bd56740b18bd92ccab3220258dbc,false
4dfed3320e088cf888ad1600da4bd3148f06c3ed,false
0fb18c0c8bc978c7487a2f8350ca05ae412c18dd,false
f0f6927273b964c49a0efeb52badb43204fa0187,false
5f2ccca4239c8d32436a35798e9cd5a0e0f57568,true
f77c88633e78469efe67ea5097941e22b330c5eb,true
b7b12ebe84911748b9757d795a8def0d5d6b716e,false
7f36d7bbd0bb378b571f65154036fbbb271f5e65,false
69e5deedc758b16c764c23dc5ddad9e05a05935b,false
80b495e50b130d26dd2d7b8483b0019875c9a0c3,false
679e0de04465a152a76fafcae50841a9ee78e029,true
4494bc66e4be7a46c28d331a7177e9f6cc24f721,false
28f81f2cc78df8e5b98e82f54cfc5b06eefaabf3,false
52f18a73fbd57385e2b7a292292517654528aa1a,false
1c1af3437465cbd4138077900fc3a465b8ee0972,false
2aafcf8435d288ef370ae2963a61caadcfac096a,false
53c1a49b5baaa57b8777daeb962fdfee841304d8,false
e408fdcc084ce38149e1156f828cb2613e55f34a,true
9c92251595615411da38817401d5cbf7b7ea5c0e,true
59877a08d134d7a56119d7c80caedac89850baa7,false
d3c34ad1f546d7d410e36dad20565789c420c1bd,true
00f805f7ec0932012bd273ca692001c77cb3a8b1,true
e5a9b99afe021270d3e085d030b496111bbc2b33,true
321350256eae18e5497236522c41940f95933d80,false
69bebb591635a3d1e5de72f9dc4aaed75ab8a1f6,false
28b9f93d13fd952ec94397b21333c4367a959d08,false
94c5f3674a4c158295aa7bde9521b1caa78ef5a1,true
12f910c32ddd280109dfa1b33a3cbeacac0d7ac3,false
6bca378cecbbe6658bc09eed4986c88cfc8b5402,false
553913cde13062c097043a5f78507bbd642cf3af,false
1c7f9166f2b0bbb01e9b222dce3399f5f08d4144,false
70e1accafe4a17e52c7c5364c78287b04564f9a9,false
49265160f8ace7dec58ae9c25154242dd1cb352d,false
dfd32435afd45289a80543a91eec97cd21cdd8fc,false
5670128236a4af323b62778b65d285c99628abf7,false
93a7525d9b8fe61c7f7373443e25c063a98d2b25,false
23a900c433b55d5376dbbe4dd0221140b05947c5,false
2034121798823c5283277473d595f61368746312,true
dea8c9879eec393f3d78042d7e6dcbbebeeb89f3,false
5c50964b1fe3f9d41b84e346ac865102c3de7122,false
5a511a2ba394c78c9bcf771ac45a16dc0498efbb,false
bde9d01f766d70007f82d34a68122fc34aa1afe5,false
8e4da6cbcdde46599f449cf3b2b8492fedb06a48,false
886e52dcff1e156f28ae1a462059758e51ef8fb0,false
c621c358276a8863690a0cd023b11c528cd9ff1b,false
e547c154819572c80de0736b00d4fd04b65a2987,false
78be0e793eba633f5a3278f20681983877341f7a,false
dccd155ba689e58bfa5e4ba7c89cbe81f629f4bd,false
b90d59479a036a4b8bd4175b139e590436b9669b,false
eabbda8efd4da210748df2a6c98650cb2c5ba494,false
48161816e081b872e31d0f4378c134e80f155323,false
a53cc886883cff93f16e44060f2f810fd210e40c,false
4361c5e0c5a385e9070049d08842f6b3180c1f8e,true
2cf21c8409bebf4944c63d7e5e1ba5c47686e7c2,false
56c382668011e95e09522b740bce93fe5dc10c6f,false
cce6dfed22801cf063213ed3090bc76394c08618,true
c6b4114f8632e1f74048c946e3156e77cd9a9f0a,true
dc8bdfe675befe048df482663fa3a1b25ee5929b,true
7aefd9436900806ce3c64f67afd5907aa81f4ffc,false
e0ad9ff57391963c28f702e45cc156d243a43acb,false
d49fd6b00c93be57d058c896255cf3bac13c8066,false
9272a757affc0dae4aa044248800f3987e06c52b,false
b2a071aad967485b201d162f6f0b488d31801f13,false
6fa4b9b7cd256a7dec78fcb8ec274bca727e4c1b,false
1b62f7c9a9831a7e6d96dac9565c9d0c4767a5b6,true
0308d6a6ca747c5f87ca700982b1faa215234619,true
a189f63604f922c25711dbf2a9dbef26069ba774,true
f4e70678b1835a4c183a88569146ae76ee8af318,true
f837ddef23e4f8ecb802586165566ced977b4339,false
f10de462d288a52c93a4938e5eaf0cf70ed3922d,false
00d80b9e026fab217b602b0d9a79a306f4a752d4,false
7d76e8b18565c124cab7dffb8d01be2329e99d89,false
9febca95679c57f4bba62aa7c20551ca2a7b035c,false
9a306ca1c5341c3c388996bf0924d3e1c452e4d8,false
2b386efc3cbc30a4bc987165924c791bdeb52477,false
2b7aa5e8030d731c9237a5168965f405ba239023,true
a7596e7d0399e0651b74e30c47c7de61552d28af,false
8ba54582211662bdb91ca7b1f1e0a5ee0a4bed84,false
d5d87639ce8adba8aa2f25f2a7ce2f4df067e9bf,false
1578ab5547361c42f8677a1df9cd4a0de2c990b6,false
e30812af226a7da224dcf266a87fc474f621657f,false
cac9a769c0e1630e725984a096493e9f1311d70e,false
8ee0c5a6ec67f10365d3f0c8a8ca677320c6c8aa,true
23d2c1f0e9c7898dcbfd6e63298876f5437ba297,false
e13773fd83ffab46d54eaf3464aa17ee402a69d8,false
501d13a0cb397f8e0ff9f18d0884d68e25b41b90,false
98edf1fbc777ef7d41a70cf5655feb64c4fa2378,false
19c6134c712e3bd3c7b9cce67e29dad902d14d2d,true
fabcc4fa35e635d8b339170b16e55449fe56238e,true
4a74618f17a65bcafba67b7bf85273390dfa64cb,false
60f37bde8dd415f71acc8d4e6feb08dff78e2fb3,false
5e09a501c96f2a297d53e5c82b9d9c8e443c48ea,false
7de061361774a2a42fe48f15a29730d541c249c1,true
35ea19dd75a326691e57b69bde4f0dfbeb3354f4,false
baacabdfbf89be1275acf9a090bf75f841550cf9,false
e7fc60af728b6b932bceb621ca6664ed90415720,true
351934a6198ce198d9b9337261f1825fe8b71034,false
24ea83d6c093c1816757f43aedf4ced61b801472,false
7047bbefbb67ec5a236fb33c3322905b5f09cd39,false
6409019a400f28502a27280e1da6bc02f5bba8cf,false
486faf7fad4d1053189ef1d3a8d904d01dea86f3,true
19f40840990863fd1f071399704c5a28672c3c72,false
10704b1dad42a3d2f06bc6244db89a12a7058d51,false
956e20e53dfead797f8e279f300579484dbf985a,true
e889d84dc44d08e324cf89cb3186be81ccfcf478,false
1c01f4df081d594df96107316bb308392f4154e0,false
296ee60dc8e7e7db788974e931a402c2faa4fa36,false
f0553057904fd6868392eeefcb63317347444ae8,false
f65f384acf43364dd5a58ebb1e4ac06639682971,false
2a74d43ca55932045d7f481c35fdffbf4bcc4b69,false
fbb91149b5897e1807171eac0c5ce09eeb339f79,true
91172409610863ec1fb9fd28e4456c3ae42921ee,false
d1478fb6c3e112cb08c319254da5c898646481c6,true
c59835ed930b027f21ea4b600281ad14d98e1db2,false
16c56a968e88372e990ee5d78c50a26e64045542,true
f97f07df3f89aeb3c0d05a0141416d1c2ca835d7,false
829cc398683104ed8401a013e4d99c291f569222,false
b68a398fa81030a7f95394dcd9295c227d7966e8,false
63504f0adc935977b662c7257464d1fc492b6374,false
994df1c4af59f6e9823ec93a09d4a14700cbc0c6,true
8387b70f64e1a5505cdfa025d328a2568f7f3f54,true
5a8c4f10eef273e93c5059bff8d97c9eb5d6befb,true
582e56938a2cb8f1231031c4bbe735c219844909,false
e7d06aebb59948730f32a2a251eb61f6a36281ad,false
1cf1e612e50efa7027b50fb207cf15ce7e3c68ca,false
36557b2166ff502d375b13d7e1ed9f73819c7d3f,false
d55c1001c890c5e480a655f5856c370db7efee61,false
9f1203f049c7ad7283a73b57a70e468e9699aeef,false
bc779d2ffbd4bf162f397daa0cf3c94a6e177ded,false
197979fdcc695fa06f497baf648cd8e366357a32,true
52c1ee520f1f43bb9e7c7213a5f1894419022ce7,true
3373a1f41c941c4328220cb4c704a9d2a8852401,false
4e5f2c7e014d785c877d7876e160426f0d336a39,true
e5c05489429849d67f3fe6e4a37ef3d09eeb4e49,false
d5ffb116b83d625cad9047397117a642554c74b2,false
4953b1269c7e1f11d433f4bb15128474f05a7b20,false
23b707a81995ae8a47c8e0f35066130577bb9403,false
b62645cd03acbd9eaff1874b7c1b021a5bc061c7,false
5c72c3ca1bd19efb1ecfcfaede0d507277af8580,false
f00738fe3a38e2d49be34fb9b7913d029e681ef0,false
ac32fbc53d8e91a5b7e53d08c06b936699d53ca2,false
1259a212aa15c753fb229c83360121ed375f8eef,true
da07826a0c7bd5e9a41537dc181a0fb892607e16,false
dd952a90ade33e77b30959abf9d71c80b9702ba7,true
e36c5294dbffa5d4be7c59e573a9c35f7402a9f0,true
7b10a35f24774fd13516c7f92ff36ae22117f741,false
0cf3cef7def14f0bbac7a347bc7e9f51b6b1878c,false
94e01d68d6c915740f6d2a1f7ea1bcdb6bf1f0d5,false
9ffcd21ce11d74455b8a3b8869a1892205cfb207,false
c19e01fc1b9b7a1957737db396f1ff5653486508,true
783a840e3af8b02d259c545bb80d4b8e6dbb4a88,false
0b47b20a9cc6c720c904c5488e617f1f7cf41d8a,false
5f3b1ccf9012f03cfa5360de43408cb13fe0936c,false
c3280a94f0b9c7d7c64d5a538fbb50132831acc4,false
819571a03ae9e4d9c99788f9ef89f352a608eb75,false
22811167ac4869d3326a20f31890812e1822cf7c,false
865f29d49ac8a00a2c98e25b9aa8aea70ba4db69,false
54bb83de41385b839138ac8d8b6edd75e1b75cab,true
fefbf2ec03dd0cfa4b79686f1f9f24c80e9ad17b,false
4f66786b987d1846d42cb1dba542bbfe821b4a37,false
0bf4b1eca47f1e5bdb23761c505fdca7e8b1a0f3,false
075a080f00e7ec637e69cc714c49239718bfda3d,false
5e2bec0f4c23d15033eaa043653a63d11e1170a2,false
1f0f80b0c95973eaf9b1248176519901c4e98329,false
f3ffc36bfd8362700de4ea16b5c60f25a8217d16,false
e302a14cd0a9b331ec6a44cbe53023fb8d607a9a,true
dcedf394343f97284359f33a52e264089a335751,true
da6174e4c49f2af7fd811149aeb07f437f64083f,false
009c128052766665a4363a048dc6e008e249dfcd,false
09412da9d76c7ad2d3cc530a1efedf9482e05e3e,true
0da1984b59ed58013404435c4ec4069e5f4670de,true
1327cef7b4002f14409b23cef14bd53a2e657bd6,false
fd4159f1bad97a5d4dafcf1411a7eb0b113131d7,false
ae7f141acab8d0e20097e3a6a1ce8213fdc6d8c7,false
9814438ae5bd93511c1f1f07160bec11b3688ce0,false
64adc521de4b7bd1476f6e479070e9d790c832eb,false
fa91205bcaa18f7afb317fea369bfda27f396888,false
af16e79bf8e422811885f435c3aaf74d619dd7e6,false
9798b30c76c032393854280389fa5a9c75383ac9,true
701b5ccd5ca8ccb426046c6bc7c86279e29b5ae0,true
4faf2b9d28f4151e41fe2f008bb95b98afc2d8d1,true
79980a07a86ced101a100e310d611459700303a1,true
f62997a60e5980ecf4522c4def2c2ef32de31194,true
059feaacf181aefd154c8d0d93618b4c7b70311b,false
a987246bd82f668e94d180ccefbdc3518688c95c,false
2c6d009657a872decbb7b3aeab2e435dc57b158d,false
65252dc6405fc3eb1de9cbe693bf7c1ef1eed349,false
cbac7c8fbd12c54a896953237d313dafdf427ee2,true
304aed306353a2f8084e94fe0775229ce2e326c6,false
5252fbbe114be661fa73735b44f9599ffb6a503c,false
aca0000ee6765fc1411bd7fd6c3020e89d0b3917,false
3c202928b47f92dbc078e4796b69d9d57fe44a20,false
f4a997b7ddc4d7c247af2f8747fe52330b641d69,false
50a97b1977fd3a8881e0f69ef81894cb4d173ba3,false
32dd7eab03ad252c5669b64529e39807088f607c,true
9eeb2babd7638f8b2967ebd93020e7e37d19cc2b,false
2c0e9c6c5c28b42e1732ca425ee75a4530a9724e,false
63c106c74660a0bab97acde124093db7e1a00aad,false
f7ebcae7b3c754feb957dee47441e84a56634d36,false
93d738ae636c9d08bdd188ce37fdd6d15f09c01b,true
5b2aca9cf72222b411b657e54e604b9106c15555,false
aed4b96a314c74b50e90a29e9da6149decd4ec48,false
5d64f1225cb52de26018cb9f078644542e9d2a3b,false
28ecb6499242b372d65966eaf5c307dc6aaeea89,false
d96883c4d62427a2e84ab53bbf9d40ecc450bdd9,false
3e518a6a75a26e64edd6b1f4643640c2459f5407,true
b559d5a0bda866e8df0b241fe2c4f06fca416fcc,true
74b23cb2096652601050d0f4951f9fb92577743c,true
7bbc12c7c9e5310dbe6b1e425cb3b975d74ecaba,true
37b9bcf5af7f0ea9beb86c1c6c43879a66968a29,false
549a772d453e51b31d3b6656dab0e99bde9afdc4,false
361bfb3961ccb54402253dc1ffc3f851c4139e65,false
8e506859a6b164a180096fcb342b5075f2524dbc,false
6ff5572999b703a02df2962a513883fa8c799c93,false
8c43b7f0a127d066af63f741b9c54c9a3391aad0,false
b69d14119e34753d423a2189dcb040b9fea47657,false
f857bf2968910387a599b7da468b8bc9f3aa2261,false
36e49707ecf3c442a9329b55545a9cfe7b1f5d5c,false
0a3efc537dc7d048f85dbcbbdf4720b378413860,false
1b794b35181ca5c75fdbba4094a13eddd1848b2c,true
edf3b622e4097de2b16349855481b1234f246194,false
b79ed509f14ac963d0f881e0a2201f13d67f9931,false
7a386a7f2a4d0d0600e1c026486a5f4d04b31803,true
d222102635404152da83d381c5450a84d6d37967,true
6c24e6ac3b3554c90894fa893a9b7a15b7e0bc28,false
6d60bc669b721c973a7e31d5f1c7c790ae976ba2,false
e597ece75fd55075ed0b265202d4a9d8c41396cf,false
4aca16326c573ce1cd38700131c7f09ec9b77d00,false
f366db0cb328ce969d70301f5a98978a29302754,false
33b88b5d4b9f671934f1aab07fe1543c61ab5319,false
3dee2eb486c7205222453adf2eb90a4147b732c5,true
2851175d8b980c3464f3adb4d06bf5a32768fcdd,false
b025872029d1848c9288cfddcf64a71e18f24efa,false
007f9cd7f176f1e2d1ff64f533037777bbf1b760,false
006bfeac8d27e1f783ebd964675caabaec98182a,true
3f84b5345f6be2d538d7c381e79f94145dc027dd,false
6e6da752bdcd01aa219fe7eee7a79e41ef25c022,true
cd5962c696f805c7c1babfe4cce16811bf66bf72,false
c1a0d6deff053aea7e6bbc9db11d19fee645a207,false
bb1584decb366e8b6a97ae165d15dc90851e5906,false
897d911a5253b3b56b38ce9f4e95b9dec16e6df1,false
085b17e496ef6f57b72ee3f48742d5f66100f6ec,false
903b1c75a2986f767278972168e9f64ebdb423d3,true
0eaaa1372ad0909adee30e0ee2c5d6abb9846ec2,false
b01a738791d6ad0d4a81064d37caf64800de59e8,false
480f92880c2e355c3b666b0773dcc5411c27bb93,true
9259ef0be198f5981e8fb06e9458c702b6bba5ac,false
5d202d082f6449a5015b10208cf0a2970ffef8d9,false
20a70b1a2249761841da0b23069e7cf8e4f41dd9,false
998499d991c20a08551835c4dda42275aa01c39e,false
0fa0738cf600a35f1dedd8e52eaacea3ab38bdd1,false
8e7e355fcb15b74581c3eb70cf2ffee4d3af6ed8,false
1fb4fe25103f1302be49fb81908fb0fd9d703a50,false
bf10c726613b6235a4da56409c34292964a59463,false
b45ff8a40787e5c66339d17f22c4192d8477c2a7,false
1f3d3616a4900d4f52d1db52c2d17518d9847602,true
3898ebdc74663195738766c23bf4e4eee8b4a3b7,false
b435d948887e6417976039c9ce074d02280989b7,true
a3cd058fb463562c8124084320b4a184cdf37c0e,false
6fea1fbddca58580e26fd5775089433b4f0996d7,false
f3f434af92afd3845107139e8c267849bf6cd1d0,false
6631599fb627a849e64e76693cb3b0eb775b1a87,false
2452399a13051065f8c19e5b3c023320a4ebbeba,false
81dd11315765814cc6b270f1126bd1565fa94f44,false
4fd48a5aed2fa187352a64168e866db14490b44e,true
172a75e5785a4e2f85d54a9c909c0293675366c8,true
95d7a154a480aa6b13b3988e550d081bec301755,false
9b5aad94168769b3fa747fab7eaa75e57f10fa6c,true
2a1c5a70da4739cf8284f4df7be720f24cafba8c,false
a56ed5771d9d0d18b4b7b3b24e8027bc3e027880,true
622ff4fad4e58713364523e0a2c50ce07a32211f,true
b8c3db0b6e950a15c075d974b1d0ef86ce1df08e,false
43858dfbb17d35e5c5d6a61e0049373a8c70b698,false
c567cc3b926a41554e1730dc7200a678df5c12e6,true
f33758c7c05bede95e15fc9a7cc225b21d072113,false
f8e7ada143bcec12424b17f9ffa87d5c7dcb4aa8,false
a01ff018b3c105d1c971ec312985a90239016451,false
280e28448858d421da5be781bce79535b226d285,false
68cdbd6ff46bda5673d4ebd72ca4c2d60e25b119,false
270e41fae51fc41e8dd043376339aa5a2da723cc,false
bd004514df53aeca246f9905ff79a8dbe2405d4e,false
6d944b5f7fc07339e5c864badae8ab7c99abef4a,false
05283bd7745ee789b5468186a8d47e6c7700af6b,false
b94dc7eea93962f11b55cd9f5cb7aff715a1f4a6,false
c3ac30e2fb33cf26ad1ac736e0edd2b6905b9025,false
760ae78affdf5f53cefffcad073bd535b17e5a55,false
792c33c9a561e10a283a00fedfa216845396765b,true
14c5fc7b1e6e23c1baca760f1982ea00010a2ac9,false
021cb60e2348830410dd1273513a957477aa6a2e,false
9a65aa4589015854066569b486cbeb63f88dd201,true
621545dd0a2cb692b2a596d9dcd1947890fd159d,false
4b07e4f4c0a84f58d3fc1f25cdc1448e88c5655a,false
4dbfc1fac8aebe47a96a88bc03d2b5d1f4674155,false
5f0053138131b0d500790c1075af97e45218fd2a,false
477b36acd1a661df7d056a60c77583b36a10aba1,false
cc58ddde31698ba68702d6f708eca5d557bed0ec,true
e0074f280f7d168071bba145384868101ca0a485,false
d25f7afd977dfc9ba455f9b30b3e62b62d489235,false
26e0fa2b9e9c0e69d83844ab9cc0af22d9203037,false
93d57f053bae24c2ea2627c2e113395529ffcb80,false
dd378738e31a3577c40cd81b727dd689b19f1796,false
25d21e9d2e94b87b62597b16636c489de98e922f,true
5e820ad2491acac8b07cc662cb24012cf82f52da,false
ee32ef0c7e74fd630d63876d9e422ba2a4502bb0,false
5794ab9a56f5a509f2c90ec2d96601254b680b8a,false
caa13b70473da8dc5f32f97c740941fc147340a6,false
87a79a9b24a7f9fa13ba6cb5d463dad8e4c8f1cb,false
ce12b8ad2d67052284b2e62287b20f28ff1249ed,true
8746db0d22e178a805531e03d6d1ddc884c6e434,false
cc981d8a0395e5b357f69cac94c049426f9b9364,false
c095a6184bebc030e3deef9b20bff1ade2f14088,false
02ab8324e986c933992162c5b9a87ca3e0f9d860,true
5116d886c382f01b48e366b0430af76149ba7821,false
6b60adc079f2cdf05c94df72299a1df41e4422c6,true
9c7ec0cebdbfca985ba2f5d920f13268db4789b0,false
1b9ca91da5c454fdcfe0b6b706331ad4f750d255,false
58c3d427e8153abd511b6e0ff167c614a491400e,true
c81d9c33463e2d8b0b23f3c1522414b2ac3d6315,false
89a08ff01a0397c5b025ec4ee9c350ec81c9c621,true
6bda7c4fc4d996e15998a70476cbcab5fa26d97b,false
bcd8f4c419872d51f0ff67891110abb1844fd7c2,false
69cc65c3acc523f6ff1e437b1bd26e1fdcb0abce,false
9a71074c7dcf800e36d86f4e2656ad919d5b61df,false
5f8a9222014f2731b09b77208fa4d2632846221b,false
2aa7f43d1c7739ab57fe50669f84588daf1602d7,false
53f26c9659df2919522c42f2b1c4c5c29de07e2f,false
7f7d889dd0fa53cd35408a09b9c5686f3602d152,true
9e06bfce1ff8f48c8fb16d4b0ce00674faf39471,false
4b3b1a5b6a39bd390b430722e523dd623b2ad1ae,false
6213b7f7828b41ad2036431d53bf1994c770750c,false
623aaebb4a730289d61c02c8898d24e839427138,false
9143ebdc22752c8a3ea79503a3b76f603c8f8812,false
a1719d91b3ef32218a0ac6553c659f3e1baab4da,false
14e9a8b6fc10379819f7e3406692151dc8759e59,false
fa829623a886319b8b8aa360efde6c348279d02e,false
677a5800424be462a369622b823e75a88b35a40d,false
55dcd09a096931833337336355e38da053442524,true
c549988434d532caf2e3f471fb783cd48bc1b730,false
4e08f76fd20a9d514c41e1888525b0ef661765fa,true
ab9b620c880f362fe27bcfb611d5eb929be4e635,false
5290ce1f7745a4c47f88f22b4fb19de2acc10988,true
007bef81321fd9659b816fe674166f1a9ffd5f12,true
b950efec27e71455c9e2c594c7ee45999927ed0b,false
7677633e8f5b7845fced2831144a733b43f4ff0b,true
18a1a33e83f637a091e32275d83a558fd0c39468,false
4d084c02e7d889f8bc8678c5b7439e0a037de02b,false
899ef71e17f496fffb680d51ed5834ff0c1157f5,false
7b222ba3921faaecd315955883b9634c9893c543,false
b04f209f17403b5764cbbba246bdea9a6de09efe,false
0b4f4561323616b4b99867e6b0ebcccf94c47f69,false
30cb848639487cc5129b21b3e44d92025e452348,true
a50387b553afc96173e0eddaa5b37f1e18a24431,false
37f08c4fccb79c9e8e911af9407168b566e890d9,true
c1c46dfcfcff6fe2a21232d4fa2d0092c93e6cc1,false
231ecff5f0837d1aa2831039b64afd07915e1cab,true
980bf8f0ae8c88658660cf0fd8ce01babb2712f5,false
46cfea09ec2409526269b4744a7d699d66527205,false
d287734abae95107e73c763ccbd807315ca9a9c0,false
0c22067b5e7b90b8631fa0c8b1032de53f2be3a8,false
d29e20b0d0b7616be55d9ed22b625f7918ce7750,false
9547869a52f5c672e0577f772aea9ba986dd84e6,false
b96fcb78fd9269ee40a3f488a425d35204d38251,false
042487c2b460c759f5066cd9792d2f385a146f94,true
0fd354a469c4a2943838aa7885c3bcd2525c1d88,true
575941110956b0c32723da73b739663d06d42459,false
1788013c80bbc48fafa7bf34712131270ccbf1d5,false
790481b8027d245bcd8180e95ca3aa42d2c045fc,false
f9e9193c4e1e1b0c061d68856e9b673f9d450ea4,false
0328d15ea77515469f1cd69afd1944f80ff71860,true
f102ea20b2041723c94a6fd5dd27558250beb5bd,false
13d93ccac70bd5ea7017f606ff05bd0b45ac5fa8,false
2998558e9ffbac2af2527967a6481100fd911952,false
29d05cc72c44b42df783b252eb3488b7f4d38c4e,true
9749360caacc8b4e3486343a44b7e0a8d87edf06,false
afc06cfd0a9855e8443d0b62cd57d8fa9e4547a1,false
ebdab0e59c702434ead044198dbf4a945fe36c70,false
150b1ff99c280dac09209b16c4149d3accf39591,false
f76c20d036e88369c42958aa046a1c0345fdeca2,false
03e1d14e1e65e054eeeb0ad672a46c2c17254d3e,false
42eee49d308958ee23376eb6e029a7bf61907f94,false
b69630355a45d4eb80ae3d35f633280b39477d00,false
c2ddc23ae5bc21f18bc886e30a8b67e1c3c987f0,false
841c41bf37e8d7a6b8bd20598f56daad6ffccce4,false
79d799a99d5fc3b9caba972079eb7804e0c61129,true
af6ac30bb1b062ccca5813e65380c8cafe20eaa3,false
e75680a88428a01a6a4566bdf1cd0255c5981fee,true
162469f7ced7ff2d1fdbeb3cd12a50737787e03f,true
b80126fd61de3bcdaee3b38a6f1f4670838c9513,true
26ff978b0ffc788385f74ada472e5b819615c0c0,true
4c47f4f732c9d5e15df6536fa357ff43d0223b07,true
e92a6db06bb910a90b322af7c2813886d2156175,true
82b15803126138eef8899e0c7b582713f872cd09,true
a2df7d791a5c09f9ed16e5755bb15ab871cee9e6,false
5fc2b4cd4ae59a7cbfccea60c76019e96efb847c,false
f1d411a5abd4d9fce46a8a8545df4b25c24dc44d,true
245158ceb98b58a3f179acbc89fab131081bf278,false
4646aca597b64c9c7e34ee29b611efb2056657d7,false
605dd6c192de882cea8113b2316fb4bca6bc370a,false
211340781bcb0576ffe100fda2e0ed87d7333d53,false
b800f1cc819fd549c8ba4e2a3a1fee2f1d916a21,false
6c00f1fc61e75df9e3b74ab42e2421623b646ca7,true
061dc776bd74101b7917c2c2551ca88d7dda8939,false
6c5607395807122b432514201f560aa7631a4b65,false
d90e3fbca1af4f35b15ecfef6164590887a4e7cb,true
8c1749ef9699e2953c7ca12a976c2fb70a6107e5,false
63d035ce39bff075408815b7aded71063aa68cc3,false
0c14c291b2d8474d2f061576ebe596ae071d4496,true
3f7a93931329d4d5cd10a8ec45eb29126984bd5e,false
3516f1979f8ab77789048c816cc99effce3c049e,false
5bc3d2db8d4b2e401928df5cc11a225960a83751,false
20dee0e9407f71c5189bb075fc32828c472132e1,false
c8a74dc58898ffee1d1207a125f2b4000d20b39b,false
29cf9820e1421e06c7d024dd34ddd0b4457fdeb5,false
cff6cff609143d7441b42dad20c058ca26543247,false
438cd73fffcaf7370fbf0ed6d4a9759fe3f0de98,false
b1c043d54084d2325b0cfaf3056f54bac14d45a3,false
82f83a2970b86f1e1f16233d8039abff95fc080e,false
2f5a6f7de663074df829a62e44a23ee70e932763,false
c6dce125104620befd24b8f14e5a9f5871ed63a3,false
9b274f9a0dfdd17a6610ed27f8ffd62cdce573c1,false
2ac7fd1e565872d10b91157022485c13ab179524,false
c1dca29076d43889cd0627080df8f02d38089eea,false
93eafffb904035305c129d67e3087b9db85cccad,false
1240c5ca471ee09f3cc2d3b404ec7d55e1079c8c,false
ba1fb850bff82b0196387a72206fa905b79cb1c7,false
33295decbb73d6c4e53873d7df192ec088d1581e,false
66a9495d91b72119830fd2bafcc9f3e2230f754f,true
11d8e4ff8fd3517842a2687ac5779477cb572fae,false
9d308c23314375f9d2b9f022f31ca6d7459cda72,false
06230f95dfa05cf4822aa619ed4328cb0f092ef1,false
7c262b8d9917d953c4c899089a88b08899946737,true
55cdef01e7b2c0c1c7946a95e716098bf441256c,true
eef5ac43a72f6391a5360a7c1f123e97dee85182,false
53f75a8da3b823c18a8244b298da50e87382984d,false
32cd8a938442536d804ca00b3aef87a9ddd02f4e,false
cce78cc274ef082e6fab6026d4b532a2a614c02d,false
c5b69975e1a0fd7afc445e19174d83e9a4bd10b7,false
e2f0edf4d20bc17c99b39c551708296f2c5c7939,false
e27f9fa979dfd386e54a94d65d4101eb717bd204,false
6727bbecc4ddc92933fbc7426cf153d11c09a12f,false
c84d4804c82c8325d1037fc20a5a847026fa11ca,false
3b5018b4c79a2c2d218eb6fd570b2f2bebb8415a,false
e4385832b74e0272d6cd9c34c2c14f9be0031381,false
8e3a8980a849046adbd4156741e1d84047ee1df6,false
882da34fcddf56a82966b1dc3dbc0a3501a03b7b,false
67f489158062e7e8b69c234e896ec24a3287f9cb,true
7b19cd2f5a9da23ea56262fb342c1b0240ac8c88,false
2f40df91e54662190befe3b981595209944348e8,false
755b752a95a0d1c15662713b38a7476b746a1e95,false
062c9771a9ca2efa23e8de109f880c10b93d3fe3,false
d90be9cd508b26636d705cda95cbebaace3d9706,false
57e4ef456b9ad154eccc4b049e21513f1ac5ec06,false
f80b46487df539c7e9214550002f461e5c66131c,true
a8a69c6d80e9602ee3b236dbcdf94b42c18c5c20,false
a5de3d3a2bdaeff8c37c8df61059ae759a28a406,true
661c37501f2f0d26a81c9d512e61d98ca05d987d,false
c2d57f2ed810b6fa854a6c9ab0ecee4aac38a0cc,true
8be53336c381f427137d60170269966a08b6f462,false
36d811ea7d6b0e76a6860e58cd08b0a24bf9f69a,false
4443b657bf7fdf4aec5161f2a0c1099dbeaaad99,true
03142590ff42579505476729ed1e189a2aa35ce4,false
b84dc703e82105d4fcbfb1501632cece1322fa37,false
fb01127ff2c95f6fa5f86a77956ca2d68afad9a9,false
078eea2b74173d4b28884af746d6c6b3c0208193,false
b0e1dbc3da72b2716a3813a8e7991365478b6095,true
52da00e5c270a9049c37d46d42899eeffc27da1f,false
d2cd6ac2e579869b4fa1b1d2737c434e64c20fb9,true
a988383e01b4bb76f5c0724421dd95047acea14a,true
9ee1c9d5ad17cf8d48f890d15a8cf627bcfbbb65,false
bc321d0a7c4f5391aa83ecf315cb8a47ff4cf090,false
4de0caac5b1afd55e717af2c7f8b653a80a0d86a,true
da3a0ac4e219b7a924af3a94cf4cfc4901f0f059,true
c6e2ca7fde421d97e8f2f4990cd443d621007a02,false
9d2ac14557c3436cee19d8973f271877a7237e7a,false
4a9ad910ddc9ccaa872d37689705d21d98486821,false
2c1bd650b0275fe5944f45a9c26eb4576edee5e1,false
7bceab88e2272f961d1b94ef736f1a9e20173247,false
edd44d2ce9cf95672969fa07ff55158335233f32,false
8174a995ae24f8f4aef303af93308bbb09b6a2be,false
f852dca0efca4015d81f0825d0cc1075321f1afc,false
338fb66e5cc908c3ce2b0d18f799cec3f577ad6c,false
1812a405eea04122645e1fddf2791ae0438c45b3,false
8aca6dbbf475576bb2d0554041c047f279958b9e,false
4183ffa122cada776a7455f29579d99fa3004c35,false
bcb61c387c1eefe2d67c178a49e993e1efc6596e,false
382c9708b3df79c43f6dfac2310c07bf58735610,false
c6ec1cb64f1c61789287492f821908e08bdd21df,false
7d87ed762901f3498847cc6e78a7600c4b26416a,true
93c99973cc119558cf78be79924f0d6dd2cd4150,false
2ad611280372dd9d482212d03a66976b32133849,false
a1457d1254e50ff50169d3e530960da8012ac091,false
1937595c5733a0a82b5dbc88670d71294ec79397,false
5f578d56fcabd0ed21e2c109d5ccdb3b4de30dfa,false
e50ac9e019f5dd359b252bc4312f25de7b7dc8ed,false
ef4775b651c752d5876991a403ecad58bc1fb118,false
3f0dec3574a6617ff7ff0b78d30b29cfffd71b20,false
30ebb2dee381d292ade0f2868cfde0f9f20b89fe,true
401bbe54b8f4e68302b1ff70678015a24628fb1d,true
